drugname,smile,molecular_weight,molecular_formula,atom
Selumetinib,CN1C=NC2=C1C=C(C(=C2F)NC3=C(C=C(C=C3)Br)Cl)C(=O)NOCCO,457.7,C17H15BrClFN4O3,"[Atom(1, Br), Atom(2, Cl), Atom(3, F), Atom(4, O), Atom(5, O), Atom(6, O), Atom(7, N), Atom(8, N), Atom(9, N), Atom(10, N), Atom(11, C), Atom(12, C), Atom(13, C), Atom(14, C), Atom(15, C), Atom(16, C), Atom(17, C), Atom(18, C), Atom(19, C), Atom(20, C), Atom(21, C), Atom(22, C), Atom(23, C), Atom(24, C), Atom(25, C), Atom(26, C), Atom(27, C), Atom(28, H), Atom(29, H), Atom(30, H), Atom(31, H), Atom(32, H), Atom(33, H), Atom(34, H), Atom(35, H), Atom(36, H), Atom(37, H), Atom(38, H), Atom(39, H), Atom(40, H), Atom(41, H), Atom(42, H)]"
Imatinib,CC1=C(C=C(C=C1)NC(=O)C2=CC=C(C=C2)CN3CCN(CC3)C)NC4=NC=CC(=N4)C5=CN=CC=C5,493.6,C29H31N7O,"[Atom(1, O), Atom(2, N), Atom(3, N), Atom(4, N), Atom(5, N), Atom(6, N), Atom(7, N), Atom(8, N), Atom(9, C), Atom(10, C), Atom(11, C), Atom(12, C), Atom(13, C), Atom(14, C), Atom(15, C), Atom(16, C), Atom(17, C), Atom(18, C), Atom(19, C), Atom(20, C), Atom(21, C), Atom(22, C), Atom(23, C), Atom(24, C), Atom(25, C), Atom(26, C), Atom(27, C), Atom(28, C), Atom(29, C), Atom(30, C), Atom(31, C), Atom(32, C), Atom(33, C), Atom(34, C), Atom(35, C), Atom(36, C), Atom(37, C), Atom(38, H), Atom(39, H), Atom(40, H), Atom(41, H), Atom(42, H), Atom(43, H), Atom(44, H), Atom(45, H), Atom(46, H), Atom(47, H), Atom(48, H), Atom(49, H), Atom(50, H), Atom(51, H), Atom(52, H), Atom(53, H), Atom(54, H), Atom(55, H), Atom(56, H), Atom(57, H), Atom(58, H), Atom(59, H), Atom(60, H), Atom(61, H), Atom(62, H), Atom(63, H), Atom(64, H), Atom(65, H), Atom(66, H), Atom(67, H), Atom(68, H)]"
Sorafenib,CNC(=O)C1=NC=CC(=C1)OC2=CC=C(C=C2)NC(=O)NC3=CC(=C(C=C3)Cl)C(F)(F)F,464.8,C21H16ClF3N4O3,"[Atom(1, Cl), Atom(2, F), Atom(3, F), Atom(4, F), Atom(5, O), Atom(6, O), Atom(7, O), Atom(8, N), Atom(9, N), Atom(10, N), Atom(11, N), Atom(12, C), Atom(13, C), Atom(14, C), Atom(15, C), Atom(16, C), Atom(17, C), Atom(18, C), Atom(19, C), Atom(20, C), Atom(21, C), Atom(22, C), Atom(23, C), Atom(24, C), Atom(25, C), Atom(26, C), Atom(27, C), Atom(28, C), Atom(29, C), Atom(30, C), Atom(31, C), Atom(32, C), Atom(33, H), Atom(34, H), Atom(35, H), Atom(36, H), Atom(37, H), Atom(38, H), Atom(39, H), Atom(40, H), Atom(41, H), Atom(42, H), Atom(43, H), Atom(44, H), Atom(45, H), Atom(46, H), Atom(47, H), Atom(48, H)]"
Fedratinib,CC1=CN=C(N=C1NC2=CC(=CC=C2)S(=O)(=O)NC(C)(C)C)NC3=CC=C(C=C3)OCCN4CCCC4,524.7,C27H36N6O3S,"[Atom(1, S), Atom(2, O), Atom(3, O), Atom(4, O), Atom(5, N), Atom(6, N), Atom(7, N), Atom(8, N), Atom(9, N), Atom(10, N), Atom(11, C), Atom(12, C), Atom(13, C), Atom(14, C), Atom(15, C), Atom(16, C), Atom(17, C), Atom(18, C), Atom(19, C), Atom(20, C), Atom(21, C), Atom(22, C), Atom(23, C), Atom(24, C), Atom(25, C), Atom(26, C), Atom(27, C), Atom(28, C), Atom(29, C), Atom(30, C), Atom(31, C), Atom(32, C), Atom(33, C), Atom(34, C), Atom(35, C), Atom(36, C), Atom(37, C), Atom(38, H), Atom(39, H), Atom(40, H), Atom(41, H), Atom(42, H), Atom(43, H), Atom(44, H), Atom(45, H), Atom(46, H), Atom(47, H), Atom(48, H), Atom(49, H), Atom(50, H), Atom(51, H), Atom(52, H), Atom(53, H), Atom(54, H), Atom(55, H), Atom(56, H), Atom(57, H), Atom(58, H), Atom(59, H), Atom(60, H), Atom(61, H), Atom(62, H), Atom(63, H), Atom(64, H), Atom(65, H), Atom(66, H), Atom(67, H), Atom(68, H), Atom(69, H), Atom(70, H), Atom(71, H), Atom(72, H), Atom(73, H)]"
Tanespimycin,C[C@H]1C[C@@H]([C@@H]([C@H](/C=C(/[C@@H]([C@H](/C=C\C=C(\C(=O)NC2=CC(=O)C(=C(C1)C2=O)NCC=C)/C)OC)OC(=O)N)\C)C)O)OC,585.7,C31H43N3O8,"[Atom(1, O), Atom(2, O), Atom(3, O), Atom(4, O), Atom(5, O), Atom(6, O), Atom(7, O), Atom(8, O), Atom(9, N), Atom(10, N), Atom(11, N), Atom(12, C), Atom(13, C), Atom(14, C), Atom(15, C), Atom(16, C), Atom(17, C), Atom(18, C), Atom(19, C), Atom(20, C), Atom(21, C), Atom(22, C), Atom(23, C), Atom(24, C), Atom(25, C), Atom(26, C), Atom(27, C), Atom(28, C), Atom(29, C), Atom(30, C), Atom(31, C), Atom(32, C), Atom(33, C), Atom(34, C), Atom(35, C), Atom(36, C), Atom(37, C), Atom(38, C), Atom(39, C), Atom(40, C), Atom(41, C), Atom(42, C), Atom(43, H), Atom(44, H), Atom(45, H), Atom(46, H), Atom(47, H), Atom(48, H), Atom(49, H), Atom(50, H), Atom(51, H), Atom(52, H), Atom(53, H), Atom(54, H), Atom(55, H), Atom(56, H), Atom(57, H), Atom(58, H), Atom(59, H), Atom(60, H), Atom(61, H), Atom(62, H), Atom(63, H), Atom(64, H), Atom(65, H), Atom(66, H), Atom(67, H), Atom(68, H), Atom(69, H), Atom(70, H), Atom(71, H), Atom(72, H), Atom(73, H), Atom(74, H), Atom(75, H), Atom(76, H), Atom(77, H), Atom(78, H), Atom(79, H), Atom(80, H), Atom(81, H), Atom(82, H), Atom(83, H), Atom(84, H), Atom(85, H)]"
Temozolomide,CN1C(=O)N2C=NC(=C2N=N1)C(=O)N,194.15,C6H6N6O2,"[Atom(1, O), Atom(2, O), Atom(3, N), Atom(4, N), Atom(5, N), Atom(6, N), Atom(7, N), Atom(8, N), Atom(9, C), Atom(10, C), Atom(11, C), Atom(12, C), Atom(13, C), Atom(14, C), Atom(15, H), Atom(16, H), Atom(17, H), Atom(18, H), Atom(19, H), Atom(20, H)]"
Crizotinib,C[C@H](C1=C(C=CC(=C1Cl)F)Cl)OC2=C(N=CC(=C2)C3=CN(N=C3)C4CCNCC4)N,450.3,C21H22Cl2FN5O,"[Atom(1, Cl), Atom(2, Cl), Atom(3, F), Atom(4, O), Atom(5, N), Atom(6, N), Atom(7, N), Atom(8, N), Atom(9, N), Atom(10, C), Atom(11, C), Atom(12, C), Atom(13, C), Atom(14, C), Atom(15, C), Atom(16, C), Atom(17, C), Atom(18, C), Atom(19, C), Atom(20, C), Atom(21, C), Atom(22, C), Atom(23, C), Atom(24, C), Atom(25, C), Atom(26, C), Atom(27, C), Atom(28, C), Atom(29, C), Atom(30, C), Atom(31, H), Atom(32, H), Atom(33, H), Atom(34, H), Atom(35, H), Atom(36, H), Atom(37, H), Atom(38, H), Atom(39, H), Atom(40, H), Atom(41, H), Atom(42, H), Atom(43, H), Atom(44, H), Atom(45, H), Atom(46, H), Atom(47, H), Atom(48, H), Atom(49, H), Atom(50, H), Atom(51, H), Atom(52, H)]"
Alectinib,CCC1=CC2=C(C=C1N3CCC(CC3)N4CCOCC4)C(C5=C(C2=O)C6=C(N5)C=C(C=C6)C#N)(C)C,482.6,C30H34N4O2,"[Atom(1, O), Atom(2, O), Atom(3, N), Atom(4, N), Atom(5, N), Atom(6, N), Atom(7, C), Atom(8, C), Atom(9, C), Atom(10, C), Atom(11, C), Atom(12, C), Atom(13, C), Atom(14, C), Atom(15, C), Atom(16, C), Atom(17, C), Atom(18, C), Atom(19, C), Atom(20, C), Atom(21, C), Atom(22, C), Atom(23, C), Atom(24, C), Atom(25, C), Atom(26, C), Atom(27, C), Atom(28, C), Atom(29, C), Atom(30, C), Atom(31, C), Atom(32, C), Atom(33, C), Atom(34, C), Atom(35, C), Atom(36, C), Atom(37, H), Atom(38, H), Atom(39, H), Atom(40, H), Atom(41, H), Atom(42, H), Atom(43, H), Atom(44, H), Atom(45, H), Atom(46, H), Atom(47, H), Atom(48, H), Atom(49, H), Atom(50, H), Atom(51, H), Atom(52, H), Atom(53, H), Atom(54, H), Atom(55, H), Atom(56, H), Atom(57, H), Atom(58, H), Atom(59, H), Atom(60, H), Atom(61, H), Atom(62, H), Atom(63, H), Atom(64, H), Atom(65, H), Atom(66, H), Atom(67, H), Atom(68, H), Atom(69, H), Atom(70, H)]"
TAE684,CC(C)S(=O)(=O)C1=CC=CC=C1NC2=NC(=NC=C2Cl)NC3=C(C=C(C=C3)N4CCC(CC4)N5CCN(CC5)C)OC,614.2,C30H40ClN7O3S,"[Atom(1, Cl), Atom(2, S), Atom(3, O), Atom(4, O), Atom(5, O), Atom(6, N), Atom(7, N), Atom(8, N), Atom(9, N), Atom(10, N), Atom(11, N), Atom(12, N), Atom(13, C), Atom(14, C), Atom(15, C), Atom(16, C), Atom(17, C), Atom(18, C), Atom(19, C), Atom(20, C), Atom(21, C), Atom(22, C), Atom(23, C), Atom(24, C), Atom(25, C), Atom(26, C), Atom(27, C), Atom(28, C), Atom(29, C), Atom(30, C), Atom(31, C), Atom(32, C), Atom(33, C), Atom(34, C), Atom(35, C), Atom(36, C), Atom(37, C), Atom(38, C), Atom(39, C), Atom(40, C), Atom(41, C), Atom(42, C), Atom(43, H), Atom(44, H), Atom(45, H), Atom(46, H), Atom(47, H), Atom(48, H), Atom(49, H), Atom(50, H), Atom(51, H), Atom(52, H), Atom(53, H), Atom(54, H), Atom(55, H), Atom(56, H), Atom(57, H), Atom(58, H), Atom(59, H), Atom(60, H), Atom(61, H), Atom(62, H), Atom(63, H), Atom(64, H), Atom(65, H), Atom(66, H), Atom(67, H), Atom(68, H), Atom(69, H), Atom(70, H), Atom(71, H), Atom(72, H), Atom(73, H), Atom(74, H), Atom(75, H), Atom(76, H), Atom(77, H), Atom(78, H), Atom(79, H), Atom(80, H), Atom(81, H), Atom(82, H)]"
Trametinib,CC1=C2C(=C(N(C1=O)C)NC3=C(C=C(C=C3)I)F)C(=O)N(C(=O)N2C4=CC=CC(=C4)NC(=O)C)C5CC5,615.4,C26H23FIN5O4,"[Atom(1, I), Atom(2, F), Atom(3, O), Atom(4, O), Atom(5, O), Atom(6, O), Atom(7, N), Atom(8, N), Atom(9, N), Atom(10, N), Atom(11, N), Atom(12, C), Atom(13, C), Atom(14, C), Atom(15, C), Atom(16, C), Atom(17, C), Atom(18, C), Atom(19, C), Atom(20, C), Atom(21, C), Atom(22, C), Atom(23, C), Atom(24, C), Atom(25, C), Atom(26, C), Atom(27, C), Atom(28, C), Atom(29, C), Atom(30, C), Atom(31, C), Atom(32, C), Atom(33, C), Atom(34, C), Atom(35, C), Atom(36, C), Atom(37, C), Atom(38, H), Atom(39, H), Atom(40, H), Atom(41, H), Atom(42, H), Atom(43, H), Atom(44, H), Atom(45, H), Atom(46, H), Atom(47, H), Atom(48, H), Atom(49, H), Atom(50, H), Atom(51, H), Atom(52, H), Atom(53, H), Atom(54, H), Atom(55, H), Atom(56, H), Atom(57, H), Atom(58, H), Atom(59, H), Atom(60, H)]"
Dasatinib,CC1=C(C(=CC=C1)Cl)NC(=O)C2=CN=C(S2)NC3=CC(=NC(=N3)C)N4CCN(CC4)CCO,488.0,C22H26ClN7O2S,"[Atom(1, Cl), Atom(2, S), Atom(3, O), Atom(4, O), Atom(5, N), Atom(6, N), Atom(7, N), Atom(8, N), Atom(9, N), Atom(10, N), Atom(11, N), Atom(12, C), Atom(13, C), Atom(14, C), Atom(15, C), Atom(16, C), Atom(17, C), Atom(18, C), Atom(19, C), Atom(20, C), Atom(21, C), Atom(22, C), Atom(23, C), Atom(24, C), Atom(25, C), Atom(26, C), Atom(27, C), Atom(28, C), Atom(29, C), Atom(30, C), Atom(31, C), Atom(32, C), Atom(33, C), Atom(34, H), Atom(35, H), Atom(36, H), Atom(37, H), Atom(38, H), Atom(39, H), Atom(40, H), Atom(41, H), Atom(42, H), Atom(43, H), Atom(44, H), Atom(45, H), Atom(46, H), Atom(47, H), Atom(48, H), Atom(49, H), Atom(50, H), Atom(51, H), Atom(52, H), Atom(53, H), Atom(54, H), Atom(55, H), Atom(56, H), Atom(57, H), Atom(58, H), Atom(59, H)]"
Crenolanib,CC1(COC1)COC2=CC3=C(C=C2)N(C=N3)C4=NC5=C(C=CC=C5N6CCC(CC6)N)C=C4,443.5,C26H29N5O2,"[Atom(1, O), Atom(2, O), Atom(3, N), Atom(4, N), Atom(5, N), Atom(6, N), Atom(7, N), Atom(8, C), Atom(9, C), Atom(10, C), Atom(11, C), Atom(12, C), Atom(13, C), Atom(14, C), Atom(15, C), Atom(16, C), Atom(17, C), Atom(18, C), Atom(19, C), Atom(20, C), Atom(21, C), Atom(22, C), Atom(23, C), Atom(24, C), Atom(25, C), Atom(26, C), Atom(27, C), Atom(28, C), Atom(29, C), Atom(30, C), Atom(31, C), Atom(32, C), Atom(33, C), Atom(34, H), Atom(35, H), Atom(36, H), Atom(37, H), Atom(38, H), Atom(39, H), Atom(40, H), Atom(41, H), Atom(42, H), Atom(43, H), Atom(44, H), Atom(45, H), Atom(46, H), Atom(47, H), Atom(48, H), Atom(49, H), Atom(50, H), Atom(51, H), Atom(52, H), Atom(53, H), Atom(54, H), Atom(55, H), Atom(56, H), Atom(57, H), Atom(58, H), Atom(59, H), Atom(60, H), Atom(61, H), Atom(62, H)]"
Dabrafenib,CC(C)(C)C1=NC(=C(S1)C2=NC(=NC=C2)N)C3=C(C(=CC=C3)NS(=O)(=O)C4=C(C=CC=C4F)F)F,519.6,C23H20F3N5O2S2,"[Atom(1, S), Atom(2, S), Atom(3, F), Atom(4, F), Atom(5, F), Atom(6, O), Atom(7, O), Atom(8, N), Atom(9, N), Atom(10, N), Atom(11, N), Atom(12, N), Atom(13, C), Atom(14, C), Atom(15, C), Atom(16, C), Atom(17, C), Atom(18, C), Atom(19, C), Atom(20, C), Atom(21, C), Atom(22, C), Atom(23, C), Atom(24, C), Atom(25, C), Atom(26, C), Atom(27, C), Atom(28, C), Atom(29, C), Atom(30, C), Atom(31, C), Atom(32, C), Atom(33, C), Atom(34, C), Atom(35, C), Atom(36, H), Atom(37, H), Atom(38, H), Atom(39, H), Atom(40, H), Atom(41, H), Atom(42, H), Atom(43, H), Atom(44, H), Atom(45, H), Atom(46, H), Atom(47, H), Atom(48, H), Atom(49, H), Atom(50, H), Atom(51, H), Atom(52, H), Atom(53, H), Atom(54, H), Atom(55, H)]"
Motesanib,CC1(CNC2=C1C=CC(=C2)NC(=O)C3=C(N=CC=C3)NCC4=CC=NC=C4)C,373.5,C22H23N5O,"[Atom(1, O), Atom(2, N), Atom(3, N), Atom(4, N), Atom(5, N), Atom(6, N), Atom(7, C), Atom(8, C), Atom(9, C), Atom(10, C), Atom(11, C), Atom(12, C), Atom(13, C), Atom(14, C), Atom(15, C), Atom(16, C), Atom(17, C), Atom(18, C), Atom(19, C), Atom(20, C), Atom(21, C), Atom(22, C), Atom(23, C), Atom(24, C), Atom(25, C), Atom(26, C), Atom(27, C), Atom(28, C), Atom(29, H), Atom(30, H), Atom(31, H), Atom(32, H), Atom(33, H), Atom(34, H), Atom(35, H), Atom(36, H), Atom(37, H), Atom(38, H), Atom(39, H), Atom(40, H), Atom(41, H), Atom(42, H), Atom(43, H), Atom(44, H), Atom(45, H), Atom(46, H), Atom(47, H), Atom(48, H), Atom(49, H), Atom(50, H), Atom(51, H)]"
AZD1480,CC1=CC(=NN1)NC2=NC(=NC=C2Cl)N[C@@H](C)C3=NC=C(C=N3)F,348.76,C14H14ClFN8,"[Atom(1, Cl), Atom(2, F), Atom(3, N), Atom(4, N), Atom(5, N), Atom(6, N), Atom(7, N), Atom(8, N), Atom(9, N), Atom(10, N), Atom(11, C), Atom(12, C), Atom(13, C), Atom(14, C), Atom(15, C), Atom(16, C), Atom(17, C), Atom(18, C), Atom(19, C), Atom(20, C), Atom(21, C), Atom(22, C), Atom(23, C), Atom(24, C), Atom(25, H), Atom(26, H), Atom(27, H), Atom(28, H), Atom(29, H), Atom(30, H), Atom(31, H), Atom(32, H), Atom(33, H), Atom(34, H), Atom(35, H), Atom(36, H), Atom(37, H), Atom(38, H)]"
Vemurafenib,CCCS(=O)(=O)NC1=C(C(=C(C=C1)F)C(=O)C2=CNC3=C2C=C(C=N3)C4=CC=C(C=C4)Cl)F,489.9,C23H18ClF2N3O3S,"[Atom(1, Cl), Atom(2, S), Atom(3, F), Atom(4, F), Atom(5, O), Atom(6, O), Atom(7, O), Atom(8, N), Atom(9, N), Atom(10, N), Atom(11, C), Atom(12, C), Atom(13, C), Atom(14, C), Atom(15, C), Atom(16, C), Atom(17, C), Atom(18, C), Atom(19, C), Atom(20, C), Atom(21, C), Atom(22, C), Atom(23, C), Atom(24, C), Atom(25, C), Atom(26, C), Atom(27, C), Atom(28, C), Atom(29, C), Atom(30, C), Atom(31, C), Atom(32, C), Atom(33, C), Atom(34, H), Atom(35, H), Atom(36, H), Atom(37, H), Atom(38, H), Atom(39, H), Atom(40, H), Atom(41, H), Atom(42, H), Atom(43, H), Atom(44, H), Atom(45, H), Atom(46, H), Atom(47, H), Atom(48, H), Atom(49, H), Atom(50, H), Atom(51, H)]"
NSC348884,CC1=CC2=C(C=C1)N=C(N2)CN(CCN(CC3=NC4=C(N3)C=C(C=C4)C)CC5=NC6=C(N5)C=C(C=C6)C)CC7=NC8=C(N7)C=C(C=C8)C,636.8,C38H40N10,"[Atom(1, N), Atom(2, N), Atom(3, N), Atom(4, N), Atom(5, N), Atom(6, N), Atom(7, N), Atom(8, N), Atom(9, N), Atom(10, N), Atom(11, C), Atom(12, C), Atom(13, C), Atom(14, C), Atom(15, C), Atom(16, C), Atom(17, C), Atom(18, C), Atom(19, C), Atom(20, C), Atom(21, C), Atom(22, C), Atom(23, C), Atom(24, C), Atom(25, C), Atom(26, C), Atom(27, C), Atom(28, C), Atom(29, C), Atom(30, C), Atom(31, C), Atom(32, C), Atom(33, C), Atom(34, C), Atom(35, C), Atom(36, C), Atom(37, C), Atom(38, C), Atom(39, C), Atom(40, C), Atom(41, C), Atom(42, C), Atom(43, C), Atom(44, C), Atom(45, C), Atom(46, C), Atom(47, C), Atom(48, C), Atom(49, H), Atom(50, H), Atom(51, H), Atom(52, H), Atom(53, H), Atom(54, H), Atom(55, H), Atom(56, H), Atom(57, H), Atom(58, H), Atom(59, H), Atom(60, H), Atom(61, H), Atom(62, H), Atom(63, H), Atom(64, H), Atom(65, H), Atom(66, H), Atom(67, H), Atom(68, H), Atom(69, H), Atom(70, H), Atom(71, H), Atom(72, H), Atom(73, H), Atom(74, H), Atom(75, H), Atom(76, H), Atom(77, H), Atom(78, H), Atom(79, H), Atom(80, H), Atom(81, H), Atom(82, H), Atom(83, H), Atom(84, H), Atom(85, H), Atom(86, H), Atom(87, H), Atom(88, H)]"
Erlotinib,COCCOC1=C(C=C2C(=C1)C(=NC=N2)NC3=CC=CC(=C3)C#C)OCCOC,393.4,C22H23N3O4,"[Atom(1, O), Atom(2, O), Atom(3, O), Atom(4, O), Atom(5, N), Atom(6, N), Atom(7, N), Atom(8, C), Atom(9, C), Atom(10, C), Atom(11, C), Atom(12, C), Atom(13, C), Atom(14, C), Atom(15, C), Atom(16, C), Atom(17, C), Atom(18, C), Atom(19, C), Atom(20, C), Atom(21, C), Atom(22, C), Atom(23, C), Atom(24, C), Atom(25, C), Atom(26, C), Atom(27, C), Atom(28, C), Atom(29, C), Atom(30, H), Atom(31, H), Atom(32, H), Atom(33, H), Atom(34, H), Atom(35, H), Atom(36, H), Atom(37, H), Atom(38, H), Atom(39, H), Atom(40, H), Atom(41, H), Atom(42, H), Atom(43, H), Atom(44, H), Atom(45, H), Atom(46, H), Atom(47, H), Atom(48, H), Atom(49, H), Atom(50, H), Atom(51, H), Atom(52, H)]"
Gefitinib,COC1=C(C=C2C(=C1)N=CN=C2NC3=CC(=C(C=C3)F)Cl)OCCCN4CCOCC4,446.9,C22H24ClFN4O3,"[Atom(1, Cl), Atom(2, F), Atom(3, O), Atom(4, O), Atom(5, O), Atom(6, N), Atom(7, N), Atom(8, N), Atom(9, N), Atom(10, C), Atom(11, C), Atom(12, C), Atom(13, C), Atom(14, C), Atom(15, C), Atom(16, C), Atom(17, C), Atom(18, C), Atom(19, C), Atom(20, C), Atom(21, C), Atom(22, C), Atom(23, C), Atom(24, C), Atom(25, C), Atom(26, C), Atom(27, C), Atom(28, C), Atom(29, C), Atom(30, C), Atom(31, C), Atom(32, H), Atom(33, H), Atom(34, H), Atom(35, H), Atom(36, H), Atom(37, H), Atom(38, H), Atom(39, H), Atom(40, H), Atom(41, H), Atom(42, H), Atom(43, H), Atom(44, H), Atom(45, H), Atom(46, H), Atom(47, H), Atom(48, H), Atom(49, H), Atom(50, H), Atom(51, H), Atom(52, H), Atom(53, H), Atom(54, H), Atom(55, H)]"
Dacomitinib,COC1=C(C=C2C(=C1)N=CN=C2NC3=CC(=C(C=C3)F)Cl)NC(=O)/C=C/CN4CCCCC4,469.9,C24H25ClFN5O2,"[Atom(1, Cl), Atom(2, F), Atom(3, O), Atom(4, O), Atom(5, N), Atom(6, N), Atom(7, N), Atom(8, N), Atom(9, N), Atom(10, C), Atom(11, C), Atom(12, C), Atom(13, C), Atom(14, C), Atom(15, C), Atom(16, C), Atom(17, C), Atom(18, C), Atom(19, C), Atom(20, C), Atom(21, C), Atom(22, C), Atom(23, C), Atom(24, C), Atom(25, C), Atom(26, C), Atom(27, C), Atom(28, C), Atom(29, C), Atom(30, C), Atom(31, C), Atom(32, C), Atom(33, C), Atom(34, H), Atom(35, H), Atom(36, H), Atom(37, H), Atom(38, H), Atom(39, H), Atom(40, H), Atom(41, H), Atom(42, H), Atom(43, H), Atom(44, H), Atom(45, H), Atom(46, H), Atom(47, H), Atom(48, H), Atom(49, H), Atom(50, H), Atom(51, H), Atom(52, H), Atom(53, H), Atom(54, H), Atom(55, H), Atom(56, H), Atom(57, H), Atom(58, H)]"
Lapatinib,CS(=O)(=O)CCNCC1=CC=C(O1)C2=CC3=C(C=C2)N=CN=C3NC4=CC(=C(C=C4)OCC5=CC(=CC=C5)F)Cl,581.1,C29H26ClFN4O4S,"[Atom(1, Cl), Atom(2, S), Atom(3, F), Atom(4, O), Atom(5, O), Atom(6, O), Atom(7, O), Atom(8, N), Atom(9, N), Atom(10, N), Atom(11, N), Atom(12, C), Atom(13, C), Atom(14, C), Atom(15, C), Atom(16, C), Atom(17, C), Atom(18, C), Atom(19, C), Atom(20, C), Atom(21, C), Atom(22, C), Atom(23, C), Atom(24, C), Atom(25, C), Atom(26, C), Atom(27, C), Atom(28, C), Atom(29, C), Atom(30, C), Atom(31, C), Atom(32, C), Atom(33, C), Atom(34, C), Atom(35, C), Atom(36, C), Atom(37, C), Atom(38, C), Atom(39, C), Atom(40, C), Atom(41, H), Atom(42, H), Atom(43, H), Atom(44, H), Atom(45, H), Atom(46, H), Atom(47, H), Atom(48, H), Atom(49, H), Atom(50, H), Atom(51, H), Atom(52, H), Atom(53, H), Atom(54, H), Atom(55, H), Atom(56, H), Atom(57, H), Atom(58, H), Atom(59, H), Atom(60, H), Atom(61, H), Atom(62, H), Atom(63, H), Atom(64, H), Atom(65, H), Atom(66, H)]"
Staurosporine,C[C@@]12[C@@H]([C@@H](C[C@@H](O1)N3C4=CC=CC=C4C5=C6C(=C7C8=CC=CC=C8N2C7=C53)CNC6=O)NC)OC,466.5,C28H26N4O3,"[Atom(1, O), Atom(2, O), Atom(3, O), Atom(4, N), Atom(5, N), Atom(6, N), Atom(7, N), Atom(8, C), Atom(9, C), Atom(10, C), Atom(11, C), Atom(12, C), Atom(13, C), Atom(14, C), Atom(15, C), Atom(16, C), Atom(17, C), Atom(18, C), Atom(19, C), Atom(20, C), Atom(21, C), Atom(22, C), Atom(23, C), Atom(24, C), Atom(25, C), Atom(26, C), Atom(27, C), Atom(28, C), Atom(29, C), Atom(30, C), Atom(31, C), Atom(32, C), Atom(33, C), Atom(34, C), Atom(35, C), Atom(36, H), Atom(37, H), Atom(38, H), Atom(39, H), Atom(40, H), Atom(41, H), Atom(42, H), Atom(43, H), Atom(44, H), Atom(45, H), Atom(46, H), Atom(47, H), Atom(48, H), Atom(49, H), Atom(50, H), Atom(51, H), Atom(52, H), Atom(53, H), Atom(54, H), Atom(55, H), Atom(56, H), Atom(57, H), Atom(58, H), Atom(59, H), Atom(60, H), Atom(61, H)]"
Neratinib,CCOC1=C(C=C2C(=C1)N=CC(=C2NC3=CC(=C(C=C3)OCC4=CC=CC=N4)Cl)C#N)NC(=O)/C=C/CN(C)C,557.0,C30H29ClN6O3,"[Atom(1, Cl), Atom(2, O), Atom(3, O), Atom(4, O), Atom(5, N), Atom(6, N), Atom(7, N), Atom(8, N), Atom(9, N), Atom(10, N), Atom(11, C), Atom(12, C), Atom(13, C), Atom(14, C), Atom(15, C), Atom(16, C), Atom(17, C), Atom(18, C), Atom(19, C), Atom(20, C), Atom(21, C), Atom(22, C), Atom(23, C), Atom(24, C), Atom(25, C), Atom(26, C), Atom(27, C), Atom(28, C), Atom(29, C), Atom(30, C), Atom(31, C), Atom(32, C), Atom(33, C), Atom(34, C), Atom(35, C), Atom(36, C), Atom(37, C), Atom(38, C), Atom(39, C), Atom(40, C), Atom(41, H), Atom(42, H), Atom(43, H), Atom(44, H), Atom(45, H), Atom(46, H), Atom(47, H), Atom(48, H), Atom(49, H), Atom(50, H), Atom(51, H), Atom(52, H), Atom(53, H), Atom(54, H), Atom(55, H), Atom(56, H), Atom(57, H), Atom(58, H), Atom(59, H), Atom(60, H), Atom(61, H), Atom(62, H), Atom(63, H), Atom(64, H), Atom(65, H), Atom(66, H), Atom(67, H), Atom(68, H), Atom(69, H)]"
Sunitinib,CCN(CC)CCNC(=O)C1=C(NC(=C1C)/C=C\2/C3=C(C=CC(=C3)F)NC2=O)C,398.5,C22H27FN4O2,"[Atom(1, F), Atom(2, O), Atom(3, O), Atom(4, N), Atom(5, N), Atom(6, N), Atom(7, N), Atom(8, C), Atom(9, C), Atom(10, C), Atom(11, C), Atom(12, C), Atom(13, C), Atom(14, C), Atom(15, C), Atom(16, C), Atom(17, C), Atom(18, C), Atom(19, C), Atom(20, C), Atom(21, C), Atom(22, C), Atom(23, C), Atom(24, C), Atom(25, C), Atom(26, C), Atom(27, C), Atom(28, C), Atom(29, C), Atom(30, H), Atom(31, H), Atom(32, H), Atom(33, H), Atom(34, H), Atom(35, H), Atom(36, H), Atom(37, H), Atom(38, H), Atom(39, H), Atom(40, H), Atom(41, H), Atom(42, H), Atom(43, H), Atom(44, H), Atom(45, H), Atom(46, H), Atom(47, H), Atom(48, H), Atom(49, H), Atom(50, H), Atom(51, H), Atom(52, H), Atom(53, H), Atom(54, H), Atom(55, H), Atom(56, H)]"
MEN1611,CS(=O)(=O)N1CCC2=C(N=C(N=C21)N3CCOCC3)C4=CN=C(N=C4)N,377.4,C15H19N7O3S,"[Atom(1, S), Atom(2, O), Atom(3, O), Atom(4, O), Atom(5, N), Atom(6, N), Atom(7, N), Atom(8, N), Atom(9, N), Atom(10, N), Atom(11, N), Atom(12, C), Atom(13, C), Atom(14, C), Atom(15, C), Atom(16, C), Atom(17, C), Atom(18, C), Atom(19, C), Atom(20, C), Atom(21, C), Atom(22, C), Atom(23, C), Atom(24, C), Atom(25, C), Atom(26, C), Atom(27, H), Atom(28, H), Atom(29, H), Atom(30, H), Atom(31, H), Atom(32, H), Atom(33, H), Atom(34, H), Atom(35, H), Atom(36, H), Atom(37, H), Atom(38, H), Atom(39, H), Atom(40, H), Atom(41, H), Atom(42, H), Atom(43, H), Atom(44, H), Atom(45, H)]"
Sirolimus,C[C@@H]1CC[C@H]2C[C@@H](/C(=C/C=C/C=C/[C@H](C[C@H](C(=O)[C@@H]([C@@H](/C(=C/[C@H](C(=O)C[C@H](OC(=O)[C@@H]3CCCCN3C(=O)C(=O)[C@@]1(O2)O)[C@H](C)C[C@@H]4CC[C@H]([C@@H](C4)OC)O)C)/C)O)OC)C)C)/C)OC,914.2,C51H79NO13,"[Atom(1, O), Atom(2, O), Atom(3, O), Atom(4, O), Atom(5, O), Atom(6, O), Atom(7, O), Atom(8, O), Atom(9, O), Atom(10, O), Atom(11, O), Atom(12, O), Atom(13, O), Atom(14, N), Atom(15, C), Atom(16, C), Atom(17, C), Atom(18, C), Atom(19, C), Atom(20, C), Atom(21, C), Atom(22, C), Atom(23, C), Atom(24, C), Atom(25, C), Atom(26, C), Atom(27, C), Atom(28, C), Atom(29, C), Atom(30, C), Atom(31, C), Atom(32, C), Atom(33, C), Atom(34, C), Atom(35, C), Atom(36, C), Atom(37, C), Atom(38, C), Atom(39, C), Atom(40, C), Atom(41, C), Atom(42, C), Atom(43, C), Atom(44, C), Atom(45, C), Atom(46, C), Atom(47, C), Atom(48, C), Atom(49, C), Atom(50, C), Atom(51, C), Atom(52, C), Atom(53, C), Atom(54, C), Atom(55, C), Atom(56, C), Atom(57, C), Atom(58, C), Atom(59, C), Atom(60, C), Atom(61, C), Atom(62, C), Atom(63, C), Atom(64, C), Atom(65, C), Atom(66, H), Atom(67, H), Atom(68, H), Atom(69, H), Atom(70, H), Atom(71, H), Atom(72, H), Atom(73, H), Atom(74, H), Atom(75, H), Atom(76, H), Atom(77, H), Atom(78, H), Atom(79, H), Atom(80, H), Atom(81, H), Atom(82, H), Atom(83, H), Atom(84, H), Atom(85, H), Atom(86, H), Atom(87, H), Atom(88, H), Atom(89, H), Atom(90, H), Atom(91, H), Atom(92, H), Atom(93, H), Atom(94, H), Atom(95, H), Atom(96, H), Atom(97, H), Atom(98, H), Atom(99, H), Atom(100, H), Atom(101, H), Atom(102, H), Atom(103, H), Atom(104, H), Atom(105, H), Atom(106, H), Atom(107, H), Atom(108, H), Atom(109, H), Atom(110, H), Atom(111, H), Atom(112, H), Atom(113, H), Atom(114, H), Atom(115, H), Atom(116, H), Atom(117, H), Atom(118, H), Atom(119, H), Atom(120, H), Atom(121, H), Atom(122, H), Atom(123, H), Atom(124, H), Atom(125, H), Atom(126, H), Atom(127, H), Atom(128, H), Atom(129, H), Atom(130, H), Atom(131, H), Atom(132, H), Atom(133, H), Atom(134, H), Atom(135, H), Atom(136, H), Atom(137, H), Atom(138, H), Atom(139, H), Atom(140, H), Atom(141, H), Atom(142, H), Atom(143, H), Atom(144, H)]"
Doxorubicin,C[C@H]1[C@H]([C@H](C[C@@H](O1)O[C@H]2C[C@@](CC3=C2C(=C4C(=C3O)C(=O)C5=C(C4=O)C(=CC=C5)OC)O)(C(=O)CO)O)N)O,543.5,C27H29NO11,"[Atom(1, O), Atom(2, O), Atom(3, O), Atom(4, O), Atom(5, O), Atom(6, O), Atom(7, O), Atom(8, O), Atom(9, O), Atom(10, O), Atom(11, O), Atom(12, N), Atom(13, C), Atom(14, C), Atom(15, C), Atom(16, C), Atom(17, C), Atom(18, C), Atom(19, C), Atom(20, C), Atom(21, C), Atom(22, C), Atom(23, C), Atom(24, C), Atom(25, C), Atom(26, C), Atom(27, C), Atom(28, C), Atom(29, C), Atom(30, C), Atom(31, C), Atom(32, C), Atom(33, C), Atom(34, C), Atom(35, C), Atom(36, C), Atom(37, C), Atom(38, C), Atom(39, C), Atom(40, H), Atom(41, H), Atom(42, H), Atom(43, H), Atom(44, H), Atom(45, H), Atom(46, H), Atom(47, H), Atom(48, H), Atom(49, H), Atom(50, H), Atom(51, H), Atom(52, H), Atom(53, H), Atom(54, H), Atom(55, H), Atom(56, H), Atom(57, H), Atom(58, H), Atom(59, H), Atom(60, H), Atom(61, H), Atom(62, H), Atom(63, H), Atom(64, H), Atom(65, H), Atom(66, H), Atom(67, H), Atom(68, H)]"
Ibrutinib,C=CC(=O)N1CCC[C@H](C1)N2C3=NC=NC(=C3C(=N2)C4=CC=C(C=C4)OC5=CC=CC=C5)N,440.5,C25H24N6O2,"[Atom(1, O), Atom(2, O), Atom(3, N), Atom(4, N), Atom(5, N), Atom(6, N), Atom(7, N), Atom(8, N), Atom(9, C), Atom(10, C), Atom(11, C), Atom(12, C), Atom(13, C), Atom(14, C), Atom(15, C), Atom(16, C), Atom(17, C), Atom(18, C), Atom(19, C), Atom(20, C), Atom(21, C), Atom(22, C), Atom(23, C), Atom(24, C), Atom(25, C), Atom(26, C), Atom(27, C), Atom(28, C), Atom(29, C), Atom(30, C), Atom(31, C), Atom(32, C), Atom(33, C), Atom(34, H), Atom(35, H), Atom(36, H), Atom(37, H), Atom(38, H), Atom(39, H), Atom(40, H), Atom(41, H), Atom(42, H), Atom(43, H), Atom(44, H), Atom(45, H), Atom(46, H), Atom(47, H), Atom(48, H), Atom(49, H), Atom(50, H), Atom(51, H), Atom(52, H), Atom(53, H), Atom(54, H), Atom(55, H), Atom(56, H), Atom(57, H)]"
Ponatinib,CC1=C(C=C(C=C1)C(=O)NC2=CC(=C(C=C2)CN3CCN(CC3)C)C(F)(F)F)C#CC4=CN=C5N4N=CC=C5,532.6,C29H27F3N6O,"[Atom(1, F), Atom(2, F), Atom(3, F), Atom(4, O), Atom(5, N), Atom(6, N), Atom(7, N), Atom(8, N), Atom(9, N), Atom(10, N), Atom(11, C), Atom(12, C), Atom(13, C), Atom(14, C), Atom(15, C), Atom(16, C), Atom(17, C), Atom(18, C), Atom(19, C), Atom(20, C), Atom(21, C), Atom(22, C), Atom(23, C), Atom(24, C), Atom(25, C), Atom(26, C), Atom(27, C), Atom(28, C), Atom(29, C), Atom(30, C), Atom(31, C), Atom(32, C), Atom(33, C), Atom(34, C), Atom(35, C), Atom(36, C), Atom(37, C), Atom(38, C), Atom(39, C), Atom(40, H), Atom(41, H), Atom(42, H), Atom(43, H), Atom(44, H), Atom(45, H), Atom(46, H), Atom(47, H), Atom(48, H), Atom(49, H), Atom(50, H), Atom(51, H), Atom(52, H), Atom(53, H), Atom(54, H), Atom(55, H), Atom(56, H), Atom(57, H), Atom(58, H), Atom(59, H), Atom(60, H), Atom(61, H), Atom(62, H), Atom(63, H), Atom(64, H), Atom(65, H), Atom(66, H)]"
Rociletinib,CC(=O)N1CCN(CC1)C2=CC(=C(C=C2)NC3=NC=C(C(=N3)NC4=CC(=CC=C4)NC(=O)C=C)C(F)(F)F)OC,555.6,C27H28F3N7O3,"[Atom(1, F), Atom(2, F), Atom(3, F), Atom(4, O), Atom(5, O), Atom(6, O), Atom(7, N), Atom(8, N), Atom(9, N), Atom(10, N), Atom(11, N), Atom(12, N), Atom(13, N), Atom(14, C), Atom(15, C), Atom(16, C), Atom(17, C), Atom(18, C), Atom(19, C), Atom(20, C), Atom(21, C), Atom(22, C), Atom(23, C), Atom(24, C), Atom(25, C), Atom(26, C), Atom(27, C), Atom(28, C), Atom(29, C), Atom(30, C), Atom(31, C), Atom(32, C), Atom(33, C), Atom(34, C), Atom(35, C), Atom(36, C), Atom(37, C), Atom(38, C), Atom(39, C), Atom(40, C), Atom(41, H), Atom(42, H), Atom(43, H), Atom(44, H), Atom(45, H), Atom(46, H), Atom(47, H), Atom(48, H), Atom(49, H), Atom(50, H), Atom(51, H), Atom(52, H), Atom(53, H), Atom(54, H), Atom(55, H), Atom(56, H), Atom(57, H), Atom(58, H), Atom(59, H), Atom(60, H), Atom(61, H), Atom(62, H), Atom(63, H), Atom(64, H), Atom(65, H), Atom(66, H), Atom(67, H), Atom(68, H)]"
Olaparib,C1CC1C(=O)N2CCN(CC2)C(=O)C3=C(C=CC(=C3)CC4=NNC(=O)C5=CC=CC=C54)F,434.5,C24H23FN4O3,"[Atom(1, F), Atom(2, O), Atom(3, O), Atom(4, O), Atom(5, N), Atom(6, N), Atom(7, N), Atom(8, N), Atom(9, C), Atom(10, C), Atom(11, C), Atom(12, C), Atom(13, C), Atom(14, C), Atom(15, C), Atom(16, C), Atom(17, C), Atom(18, C), Atom(19, C), Atom(20, C), Atom(21, C), Atom(22, C), Atom(23, C), Atom(24, C), Atom(25, C), Atom(26, C), Atom(27, C), Atom(28, C), Atom(29, C), Atom(30, C), Atom(31, C), Atom(32, C), Atom(33, H), Atom(34, H), Atom(35, H), Atom(36, H), Atom(37, H), Atom(38, H), Atom(39, H), Atom(40, H), Atom(41, H), Atom(42, H), Atom(43, H), Atom(44, H), Atom(45, H), Atom(46, H), Atom(47, H), Atom(48, H), Atom(49, H), Atom(50, H), Atom(51, H), Atom(52, H), Atom(53, H), Atom(54, H), Atom(55, H)]"
Fluorouracil,C1=C(C(=O)NC(=O)N1)F,130.08,C4H3FN2O2,"[Atom(1, F), Atom(2, O), Atom(3, O), Atom(4, N), Atom(5, N), Atom(6, C), Atom(7, C), Atom(8, C), Atom(9, C), Atom(10, H), Atom(11, H), Atom(12, H)]"
FOLFOX Regimen,[CH2-][C@@H]1CCCC[C@H]1[CH2-].C1C(N(C2=C(N1)N=C(NC2=O)N)C=O)CNC3=CC=C(C=C3)C(=O)N[C@@H](CCC(=O)O)C(=O)O.C1=C(C(=O)NC(=O)N1)F.C(=O)(C(=O)O)O.[Pt+2],998.8,C34H42FN9O13Pt,"[Atom(1, Pt), Atom(2, F), Atom(3, O), Atom(4, O), Atom(5, O), Atom(6, O), Atom(7, O), Atom(8, O), Atom(9, O), Atom(10, O), Atom(11, O), Atom(12, O), Atom(13, O), Atom(14, O), Atom(15, O), Atom(16, N), Atom(17, N), Atom(18, N), Atom(19, N), Atom(20, N), Atom(21, N), Atom(22, N), Atom(23, N), Atom(24, N), Atom(25, C), Atom(26, C), Atom(27, C), Atom(28, C), Atom(29, C), Atom(30, C), Atom(31, C), Atom(32, C), Atom(33, C), Atom(34, C), Atom(35, C), Atom(36, C), Atom(37, C), Atom(38, C), Atom(39, C), Atom(40, C), Atom(41, C), Atom(42, C), Atom(43, C), Atom(44, C), Atom(45, C), Atom(46, C), Atom(47, C), Atom(48, C), Atom(49, C), Atom(50, C), Atom(51, C), Atom(52, C), Atom(53, C), Atom(54, C), Atom(55, C), Atom(56, C), Atom(57, C), Atom(58, C), Atom(59, H), Atom(60, H), Atom(61, H), Atom(62, H), Atom(63, H), Atom(64, H), Atom(65, H), Atom(66, H), Atom(67, H), Atom(68, H), Atom(69, H), Atom(70, H), Atom(71, H), Atom(72, H), Atom(73, H), Atom(74, H), Atom(75, H), Atom(76, H), Atom(77, H), Atom(78, H), Atom(79, H), Atom(80, H), Atom(81, H), Atom(82, H), Atom(83, H), Atom(84, H), Atom(85, H), Atom(86, H), Atom(87, H), Atom(88, H), Atom(89, H), Atom(90, H), Atom(91, H), Atom(92, H), Atom(93, H), Atom(94, H), Atom(95, H), Atom(96, H), Atom(97, H), Atom(98, H), Atom(99, H), Atom(100, H)]"
Paclitaxel,CC1=C2[C@H](C(=O)[C@@]3([C@H](C[C@@H]4[C@]([C@H]3[C@@H]([C@@](C2(C)C)(C[C@@H]1OC(=O)[C@@H]([C@H](C5=CC=CC=C5)NC(=O)C6=CC=CC=C6)O)O)OC(=O)C7=CC=CC=C7)(CO4)OC(=O)C)O)C)OC(=O)C,853.9,C47H51NO14,"[Atom(1, O), Atom(2, O), Atom(3, O), Atom(4, O), Atom(5, O), Atom(6, O), Atom(7, O), Atom(8, O), Atom(9, O), Atom(10, O), Atom(11, O), Atom(12, O), Atom(13, O), Atom(14, O), Atom(15, N), Atom(16, C), Atom(17, C), Atom(18, C), Atom(19, C), Atom(20, C), Atom(21, C), Atom(22, C), Atom(23, C), Atom(24, C), Atom(25, C), Atom(26, C), Atom(27, C), Atom(28, C), Atom(29, C), Atom(30, C), Atom(31, C), Atom(32, C), Atom(33, C), Atom(34, C), Atom(35, C), Atom(36, C), Atom(37, C), Atom(38, C), Atom(39, C), Atom(40, C), Atom(41, C), Atom(42, C), Atom(43, C), Atom(44, C), Atom(45, C), Atom(46, C), Atom(47, C), Atom(48, C), Atom(49, C), Atom(50, C), Atom(51, C), Atom(52, C), Atom(53, C), Atom(54, C), Atom(55, C), Atom(56, C), Atom(57, C), Atom(58, C), Atom(59, C), Atom(60, C), Atom(61, C), Atom(62, C), Atom(63, H), Atom(64, H), Atom(65, H), Atom(66, H), Atom(67, H), Atom(68, H), Atom(69, H), Atom(70, H), Atom(71, H), Atom(72, H), Atom(73, H), Atom(74, H), Atom(75, H), Atom(76, H), Atom(77, H), Atom(78, H), Atom(79, H), Atom(80, H), Atom(81, H), Atom(82, H), Atom(83, H), Atom(84, H), Atom(85, H), Atom(86, H), Atom(87, H), Atom(88, H), Atom(89, H), Atom(90, H), Atom(91, H), Atom(92, H), Atom(93, H), Atom(94, H), Atom(95, H), Atom(96, H), Atom(97, H), Atom(98, H), Atom(99, H), Atom(100, H), Atom(101, H), Atom(102, H), Atom(103, H), Atom(104, H), Atom(105, H), Atom(106, H), Atom(107, H), Atom(108, H), Atom(109, H), Atom(110, H), Atom(111, H), Atom(112, H), Atom(113, H)]"
Cisplatin,N.N.Cl[Pt]Cl,300.05,Cl2H6N2Pt,"[Atom(1, Pt), Atom(2, Cl), Atom(3, Cl), Atom(4, N), Atom(5, N), Atom(6, H), Atom(7, H), Atom(8, H), Atom(9, H), Atom(10, H), Atom(11, H)]"
Uprosertib,CN1C(=C(C=N1)Cl)C2=C(OC(=C2)C(=O)N[C@@H](CC3=CC(=C(C=C3)F)F)CN)Cl,429.2,C18H16Cl2F2N4O2,"[Atom(1, Cl), Atom(2, Cl), Atom(3, F), Atom(4, F), Atom(5, O), Atom(6, O), Atom(7, N), Atom(8, N), Atom(9, N), Atom(10, N), Atom(11, C), Atom(12, C), Atom(13, C), Atom(14, C), Atom(15, C), Atom(16, C), Atom(17, C), Atom(18, C), Atom(19, C), Atom(20, C), Atom(21, C), Atom(22, C), Atom(23, C), Atom(24, C), Atom(25, C), Atom(26, C), Atom(27, C), Atom(28, C), Atom(29, H), Atom(30, H), Atom(31, H), Atom(32, H), Atom(33, H), Atom(34, H), Atom(35, H), Atom(36, H), Atom(37, H), Atom(38, H), Atom(39, H), Atom(40, H), Atom(41, H), Atom(42, H), Atom(43, H), Atom(44, H)]"
Capivasertib,C1CN(CCC1(C(=O)N[C@@H](CCO)C2=CC=C(C=C2)Cl)N)C3=NC=NC4=C3C=CN4,428.9,C21H25ClN6O2,"[Atom(1, Cl), Atom(2, O), Atom(3, O), Atom(4, N), Atom(5, N), Atom(6, N), Atom(7, N), Atom(8, N), Atom(9, N), Atom(10, C), Atom(11, C), Atom(12, C), Atom(13, C), Atom(14, C), Atom(15, C), Atom(16, C), Atom(17, C), Atom(18, C), Atom(19, C), Atom(20, C), Atom(21, C), Atom(22, C), Atom(23, C), Atom(24, C), Atom(25, C), Atom(26, C), Atom(27, C), Atom(28, C), Atom(29, C), Atom(30, C), Atom(31, H), Atom(32, H), Atom(33, H), Atom(34, H), Atom(35, H), Atom(36, H), Atom(37, H), Atom(38, H), Atom(39, H), Atom(40, H), Atom(41, H), Atom(42, H), Atom(43, H), Atom(44, H), Atom(45, H), Atom(46, H), Atom(47, H), Atom(48, H), Atom(49, H), Atom(50, H), Atom(51, H), Atom(52, H), Atom(53, H), Atom(54, H), Atom(55, H)]"
GSK321,C[C@@H]1CN(CC2=C1N(N=C2C(=O)NC3=CC=CC(=C3)[C@H](C)O)CC4=CC=C(C=C4)F)C(=O)C5=CC=CN5,501.6,C28H28FN5O3,"[Atom(1, F), Atom(2, O), Atom(3, O), Atom(4, O), Atom(5, N), Atom(6, N), Atom(7, N), Atom(8, N), Atom(9, N), Atom(10, C), Atom(11, C), Atom(12, C), Atom(13, C), Atom(14, C), Atom(15, C), Atom(16, C), Atom(17, C), Atom(18, C), Atom(19, C), Atom(20, C), Atom(21, C), Atom(22, C), Atom(23, C), Atom(24, C), Atom(25, C), Atom(26, C), Atom(27, C), Atom(28, C), Atom(29, C), Atom(30, C), Atom(31, C), Atom(32, C), Atom(33, C), Atom(34, C), Atom(35, C), Atom(36, C), Atom(37, C), Atom(38, H), Atom(39, H), Atom(40, H), Atom(41, H), Atom(42, H), Atom(43, H), Atom(44, H), Atom(45, H), Atom(46, H), Atom(47, H), Atom(48, H), Atom(49, H), Atom(50, H), Atom(51, H), Atom(52, H), Atom(53, H), Atom(54, H), Atom(55, H), Atom(56, H), Atom(57, H), Atom(58, H), Atom(59, H), Atom(60, H), Atom(61, H), Atom(62, H), Atom(63, H), Atom(64, H), Atom(65, H)]"
Idelalisib,CC[C@@H](C1=NC2=C(C(=CC=C2)F)C(=O)N1C3=CC=CC=C3)NC4=NC=NC5=C4NC=N5,415.4,C22H18FN7O,"[Atom(1, F), Atom(2, O), Atom(3, N), Atom(4, N), Atom(5, N), Atom(6, N), Atom(7, N), Atom(8, N), Atom(9, N), Atom(10, C), Atom(11, C), Atom(12, C), Atom(13, C), Atom(14, C), Atom(15, C), Atom(16, C), Atom(17, C), Atom(18, C), Atom(19, C), Atom(20, C), Atom(21, C), Atom(22, C), Atom(23, C), Atom(24, C), Atom(25, C), Atom(26, C), Atom(27, C), Atom(28, C), Atom(29, C), Atom(30, C), Atom(31, C), Atom(32, H), Atom(33, H), Atom(34, H), Atom(35, H), Atom(36, H), Atom(37, H), Atom(38, H), Atom(39, H), Atom(40, H), Atom(41, H), Atom(42, H), Atom(43, H), Atom(44, H), Atom(45, H), Atom(46, H), Atom(47, H), Atom(48, H), Atom(49, H)]"
Vismodegib,CS(=O)(=O)C1=CC(=C(C=C1)C(=O)NC2=CC(=C(C=C2)Cl)C3=CC=CC=N3)Cl,421.3,C19H14Cl2N2O3S,"[Atom(1, Cl), Atom(2, Cl), Atom(3, S), Atom(4, O), Atom(5, O), Atom(6, O), Atom(7, N), Atom(8, N), Atom(9, C), Atom(10, C), Atom(11, C), Atom(12, C), Atom(13, C), Atom(14, C), Atom(15, C), Atom(16, C), Atom(17, C), Atom(18, C), Atom(19, C), Atom(20, C), Atom(21, C), Atom(22, C), Atom(23, C), Atom(24, C), Atom(25, C), Atom(26, C), Atom(27, C), Atom(28, H), Atom(29, H), Atom(30, H), Atom(31, H), Atom(32, H), Atom(33, H), Atom(34, H), Atom(35, H), Atom(36, H), Atom(37, H), Atom(38, H), Atom(39, H), Atom(40, H), Atom(41, H)]"
Pictilisib,CS(=O)(=O)N1CCN(CC1)CC2=CC3=C(S2)C(=NC(=N3)C4=C5C=NNC5=CC=C4)N6CCOCC6,513.6,C23H27N7O3S2,"[Atom(1, S), Atom(2, S), Atom(3, O), Atom(4, O), Atom(5, O), Atom(6, N), Atom(7, N), Atom(8, N), Atom(9, N), Atom(10, N), Atom(11, N), Atom(12, N), Atom(13, C), Atom(14, C), Atom(15, C), Atom(16, C), Atom(17, C), Atom(18, C), Atom(19, C), Atom(20, C), Atom(21, C), Atom(22, C), Atom(23, C), Atom(24, C), Atom(25, C), Atom(26, C), Atom(27, C), Atom(28, C), Atom(29, C), Atom(30, C), Atom(31, C), Atom(32, C), Atom(33, C), Atom(34, C), Atom(35, C), Atom(36, H), Atom(37, H), Atom(38, H), Atom(39, H), Atom(40, H), Atom(41, H), Atom(42, H), Atom(43, H), Atom(44, H), Atom(45, H), Atom(46, H), Atom(47, H), Atom(48, H), Atom(49, H), Atom(50, H), Atom(51, H), Atom(52, H), Atom(53, H), Atom(54, H), Atom(55, H), Atom(56, H), Atom(57, H), Atom(58, H), Atom(59, H), Atom(60, H), Atom(61, H), Atom(62, H)]"
Abemaciclib,CCN1CCN(CC1)CC2=CN=C(C=C2)NC3=NC=C(C(=N3)C4=CC5=C(C(=C4)F)N=C(N5C(C)C)C)F,506.6,C27H32F2N8,"[Atom(1, F), Atom(2, F), Atom(3, N), Atom(4, N), Atom(5, N), Atom(6, N), Atom(7, N), Atom(8, N), Atom(9, N), Atom(10, N), Atom(11, C), Atom(12, C), Atom(13, C), Atom(14, C), Atom(15, C), Atom(16, C), Atom(17, C), Atom(18, C), Atom(19, C), Atom(20, C), Atom(21, C), Atom(22, C), Atom(23, C), Atom(24, C), Atom(25, C), Atom(26, C), Atom(27, C), Atom(28, C), Atom(29, C), Atom(30, C), Atom(31, C), Atom(32, C), Atom(33, C), Atom(34, C), Atom(35, C), Atom(36, C), Atom(37, C), Atom(38, H), Atom(39, H), Atom(40, H), Atom(41, H), Atom(42, H), Atom(43, H), Atom(44, H), Atom(45, H), Atom(46, H), Atom(47, H), Atom(48, H), Atom(49, H), Atom(50, H), Atom(51, H), Atom(52, H), Atom(53, H), Atom(54, H), Atom(55, H), Atom(56, H), Atom(57, H), Atom(58, H), Atom(59, H), Atom(60, H), Atom(61, H), Atom(62, H), Atom(63, H), Atom(64, H), Atom(65, H), Atom(66, H), Atom(67, H), Atom(68, H), Atom(69, H)]"
Palbociclib,CC1=C(C(=O)N(C2=NC(=NC=C12)NC3=NC=C(C=C3)N4CCNCC4)C5CCCC5)C(=O)C,447.5,C24H29N7O2,"[Atom(1, O), Atom(2, O), Atom(3, N), Atom(4, N), Atom(5, N), Atom(6, N), Atom(7, N), Atom(8, N), Atom(9, N), Atom(10, C), Atom(11, C), Atom(12, C), Atom(13, C), Atom(14, C), Atom(15, C), Atom(16, C), Atom(17, C), Atom(18, C), Atom(19, C), Atom(20, C), Atom(21, C), Atom(22, C), Atom(23, C), Atom(24, C), Atom(25, C), Atom(26, C), Atom(27, C), Atom(28, C), Atom(29, C), Atom(30, C), Atom(31, C), Atom(32, C), Atom(33, C), Atom(34, H), Atom(35, H), Atom(36, H), Atom(37, H), Atom(38, H), Atom(39, H), Atom(40, H), Atom(41, H), Atom(42, H), Atom(43, H), Atom(44, H), Atom(45, H), Atom(46, H), Atom(47, H), Atom(48, H), Atom(49, H), Atom(50, H), Atom(51, H), Atom(52, H), Atom(53, H), Atom(54, H), Atom(55, H), Atom(56, H), Atom(57, H), Atom(58, H), Atom(59, H), Atom(60, H), Atom(61, H), Atom(62, H)]"
Lorlatinib,C[C@@H]1C2=C(C=CC(=C2)F)C(=O)N(CC3=NN(C(=C3C4=CC(=C(N=C4)N)O1)C#N)C)C,406.4,C21H19FN6O2,"[Atom(1, F), Atom(2, O), Atom(3, O), Atom(4, N), Atom(5, N), Atom(6, N), Atom(7, N), Atom(8, N), Atom(9, N), Atom(10, C), Atom(11, C), Atom(12, C), Atom(13, C), Atom(14, C), Atom(15, C), Atom(16, C), Atom(17, C), Atom(18, C), Atom(19, C), Atom(20, C), Atom(21, C), Atom(22, C), Atom(23, C), Atom(24, C), Atom(25, C), Atom(26, C), Atom(27, C), Atom(28, C), Atom(29, C), Atom(30, C), Atom(31, H), Atom(32, H), Atom(33, H), Atom(34, H), Atom(35, H), Atom(36, H), Atom(37, H), Atom(38, H), Atom(39, H), Atom(40, H), Atom(41, H), Atom(42, H), Atom(43, H), Atom(44, H), Atom(45, H), Atom(46, H), Atom(47, H), Atom(48, H), Atom(49, H)]"
Afatinib,CN(C)C/C=C/C(=O)NC1=C(C=C2C(=C1)C(=NC=N2)NC3=CC(=C(C=C3)F)Cl)O[C@H]4CCOC4,485.9,C24H25ClFN5O3,"[Atom(1, Cl), Atom(2, F), Atom(3, O), Atom(4, O), Atom(5, O), Atom(6, N), Atom(7, N), Atom(8, N), Atom(9, N), Atom(10, N), Atom(11, C), Atom(12, C), Atom(13, C), Atom(14, C), Atom(15, C), Atom(16, C), Atom(17, C), Atom(18, C), Atom(19, C), Atom(20, C), Atom(21, C), Atom(22, C), Atom(23, C), Atom(24, C), Atom(25, C), Atom(26, C), Atom(27, C), Atom(28, C), Atom(29, C), Atom(30, C), Atom(31, C), Atom(32, C), Atom(33, C), Atom(34, C), Atom(35, H), Atom(36, H), Atom(37, H), Atom(38, H), Atom(39, H), Atom(40, H), Atom(41, H), Atom(42, H), Atom(43, H), Atom(44, H), Atom(45, H), Atom(46, H), Atom(47, H), Atom(48, H), Atom(49, H), Atom(50, H), Atom(51, H), Atom(52, H), Atom(53, H), Atom(54, H), Atom(55, H), Atom(56, H), Atom(57, H), Atom(58, H), Atom(59, H)]"
MK2206,C1CC(C1)(C2=CC=C(C=C2)C3=C(C=C4C(=N3)C=CN5C4=NNC5=O)C6=CC=CC=C6)N.Cl.Cl,480.4,C25H23Cl2N5O,"[Atom(1, Cl), Atom(2, Cl), Atom(3, O), Atom(4, N), Atom(5, N), Atom(6, N), Atom(7, N), Atom(8, N), Atom(9, C), Atom(10, C), Atom(11, C), Atom(12, C), Atom(13, C), Atom(14, C), Atom(15, C), Atom(16, C), Atom(17, C), Atom(18, C), Atom(19, C), Atom(20, C), Atom(21, C), Atom(22, C), Atom(23, C), Atom(24, C), Atom(25, C), Atom(26, C), Atom(27, C), Atom(28, C), Atom(29, C), Atom(30, C), Atom(31, C), Atom(32, C), Atom(33, C), Atom(34, H), Atom(35, H), Atom(36, H), Atom(37, H), Atom(38, H), Atom(39, H), Atom(40, H), Atom(41, H), Atom(42, H), Atom(43, H), Atom(44, H), Atom(45, H), Atom(46, H), Atom(47, H), Atom(48, H), Atom(49, H), Atom(50, H), Atom(51, H), Atom(52, H), Atom(53, H), Atom(54, H), Atom(55, H), Atom(56, H)]"
Amrubicin,CC(=O)[C@]1(C[C@@H](C2=C(C1)C(=C3C(=C2O)C(=O)C4=CC=CC=C4C3=O)O)O[C@H]5C[C@@H]([C@@H](CO5)O)O)N,483.5,C25H25NO9,"[Atom(1, O), Atom(2, O), Atom(3, O), Atom(4, O), Atom(5, O), Atom(6, O), Atom(7, O), Atom(8, O), Atom(9, O), Atom(10, N), Atom(11, C), Atom(12, C), Atom(13, C), Atom(14, C), Atom(15, C), Atom(16, C), Atom(17, C), Atom(18, C), Atom(19, C), Atom(20, C), Atom(21, C), Atom(22, C), Atom(23, C), Atom(24, C), Atom(25, C), Atom(26, C), Atom(27, C), Atom(28, C), Atom(29, C), Atom(30, C), Atom(31, C), Atom(32, C), Atom(33, C), Atom(34, C), Atom(35, C), Atom(36, H), Atom(37, H), Atom(38, H), Atom(39, H), Atom(40, H), Atom(41, H), Atom(42, H), Atom(43, H), Atom(44, H), Atom(45, H), Atom(46, H), Atom(47, H), Atom(48, H), Atom(49, H), Atom(50, H), Atom(51, H), Atom(52, H), Atom(53, H), Atom(54, H), Atom(55, H), Atom(56, H), Atom(57, H), Atom(58, H), Atom(59, H), Atom(60, H)]"
Osimertinib,CN1C=C(C2=CC=CC=C21)C3=NC(=NC=C3)NC4=C(C=C(C(=C4)NC(=O)C=C)N(C)CCN(C)C)OC,499.6,C28H33N7O2,"[Atom(1, O), Atom(2, O), Atom(3, N), Atom(4, N), Atom(5, N), Atom(6, N), Atom(7, N), Atom(8, N), Atom(9, N), Atom(10, C), Atom(11, C), Atom(12, C), Atom(13, C), Atom(14, C), Atom(15, C), Atom(16, C), Atom(17, C), Atom(18, C), Atom(19, C), Atom(20, C), Atom(21, C), Atom(22, C), Atom(23, C), Atom(24, C), Atom(25, C), Atom(26, C), Atom(27, C), Atom(28, C), Atom(29, C), Atom(30, C), Atom(31, C), Atom(32, C), Atom(33, C), Atom(34, C), Atom(35, C), Atom(36, C), Atom(37, C), Atom(38, H), Atom(39, H), Atom(40, H), Atom(41, H), Atom(42, H), Atom(43, H), Atom(44, H), Atom(45, H), Atom(46, H), Atom(47, H), Atom(48, H), Atom(49, H), Atom(50, H), Atom(51, H), Atom(52, H), Atom(53, H), Atom(54, H), Atom(55, H), Atom(56, H), Atom(57, H), Atom(58, H), Atom(59, H), Atom(60, H), Atom(61, H), Atom(62, H), Atom(63, H), Atom(64, H), Atom(65, H), Atom(66, H), Atom(67, H), Atom(68, H), Atom(69, H), Atom(70, H)]"
AGI-5198,CC1=CC=CC=C1C(C(=O)NC2CCCCC2)N(C3=CC(=CC=C3)F)C(=O)CN4C=CN=C4C,462.6,C27H31FN4O2,"[Atom(1, F), Atom(2, O), Atom(3, O), Atom(4, N), Atom(5, N), Atom(6, N), Atom(7, N), Atom(8, C), Atom(9, C), Atom(10, C), Atom(11, C), Atom(12, C), Atom(13, C), Atom(14, C), Atom(15, C), Atom(16, C), Atom(17, C), Atom(18, C), Atom(19, C), Atom(20, C), Atom(21, C), Atom(22, C), Atom(23, C), Atom(24, C), Atom(25, C), Atom(26, C), Atom(27, C), Atom(28, C), Atom(29, C), Atom(30, C), Atom(31, C), Atom(32, C), Atom(33, C), Atom(34, C), Atom(35, H), Atom(36, H), Atom(37, H), Atom(38, H), Atom(39, H), Atom(40, H), Atom(41, H), Atom(42, H), Atom(43, H), Atom(44, H), Atom(45, H), Atom(46, H), Atom(47, H), Atom(48, H), Atom(49, H), Atom(50, H), Atom(51, H), Atom(52, H), Atom(53, H), Atom(54, H), Atom(55, H), Atom(56, H), Atom(57, H), Atom(58, H), Atom(59, H), Atom(60, H), Atom(61, H), Atom(62, H), Atom(63, H), Atom(64, H), Atom(65, H)]"
Tretinoin,CC1=C(C(CCC1)(C)C)/C=C/C(=C/C=C/C(=C/C(=O)O)/C)/C,300.4,C20H28O2,"[Atom(1, O), Atom(2, O), Atom(3, C), Atom(4, C), Atom(5, C), Atom(6, C), Atom(7, C), Atom(8, C), Atom(9, C), Atom(10, C), Atom(11, C), Atom(12, C), Atom(13, C), Atom(14, C), Atom(15, C), Atom(16, C), Atom(17, C), Atom(18, C), Atom(19, C), Atom(20, C), Atom(21, C), Atom(22, C), Atom(23, H), Atom(24, H), Atom(25, H), Atom(26, H), Atom(27, H), Atom(28, H), Atom(29, H), Atom(30, H), Atom(31, H), Atom(32, H), Atom(33, H), Atom(34, H), Atom(35, H), Atom(36, H), Atom(37, H), Atom(38, H), Atom(39, H), Atom(40, H), Atom(41, H), Atom(42, H), Atom(43, H), Atom(44, H), Atom(45, H), Atom(46, H), Atom(47, H), Atom(48, H), Atom(49, H), Atom(50, H)]"
Patidegib,C[C@H]1C[C@@H]2[C@H]([C@H]([C@]3(O2)CC[C@H]4[C@@H]5CC[C@@H]6C[C@@H](CC[C@@]6([C@H]5CC4=C(C3)C)C)NS(=O)(=O)C)C)NC1,504.8,C29H48N2O3S,"[Atom(1, S), Atom(2, O), Atom(3, O), Atom(4, O), Atom(5, N), Atom(6, N), Atom(7, C), Atom(8, C), Atom(9, C), Atom(10, C), Atom(11, C), Atom(12, C), Atom(13, C), Atom(14, C), Atom(15, C), Atom(16, C), Atom(17, C), Atom(18, C), Atom(19, C), Atom(20, C), Atom(21, C), Atom(22, C), Atom(23, C), Atom(24, C), Atom(25, C), Atom(26, C), Atom(27, C), Atom(28, C), Atom(29, C), Atom(30, C), Atom(31, C), Atom(32, C), Atom(33, C), Atom(34, C), Atom(35, C), Atom(36, H), Atom(37, H), Atom(38, H), Atom(39, H), Atom(40, H), Atom(41, H), Atom(42, H), Atom(43, H), Atom(44, H), Atom(45, H), Atom(46, H), Atom(47, H), Atom(48, H), Atom(49, H), Atom(50, H), Atom(51, H), Atom(52, H), Atom(53, H), Atom(54, H), Atom(55, H), Atom(56, H), Atom(57, H), Atom(58, H), Atom(59, H), Atom(60, H), Atom(61, H), Atom(62, H), Atom(63, H), Atom(64, H), Atom(65, H), Atom(66, H), Atom(67, H), Atom(68, H), Atom(69, H), Atom(70, H), Atom(71, H), Atom(72, H), Atom(73, H), Atom(74, H), Atom(75, H), Atom(76, H), Atom(77, H), Atom(78, H), Atom(79, H), Atom(80, H), Atom(81, H), Atom(82, H), Atom(83, H)]"
Cabozantinib,COC1=CC2=C(C=CN=C2C=C1OC)OC3=CC=C(C=C3)NC(=O)C4(CC4)C(=O)NC5=CC=C(C=C5)F,501.5,C28H24FN3O5,"[Atom(1, F), Atom(2, O), Atom(3, O), Atom(4, O), Atom(5, O), Atom(6, O), Atom(7, N), Atom(8, N), Atom(9, N), Atom(10, C), Atom(11, C), Atom(12, C), Atom(13, C), Atom(14, C), Atom(15, C), Atom(16, C), Atom(17, C), Atom(18, C), Atom(19, C), Atom(20, C), Atom(21, C), Atom(22, C), Atom(23, C), Atom(24, C), Atom(25, C), Atom(26, C), Atom(27, C), Atom(28, C), Atom(29, C), Atom(30, C), Atom(31, C), Atom(32, C), Atom(33, C), Atom(34, C), Atom(35, C), Atom(36, C), Atom(37, C), Atom(38, H), Atom(39, H), Atom(40, H), Atom(41, H), Atom(42, H), Atom(43, H), Atom(44, H), Atom(45, H), Atom(46, H), Atom(47, H), Atom(48, H), Atom(49, H), Atom(50, H), Atom(51, H), Atom(52, H), Atom(53, H), Atom(54, H), Atom(55, H), Atom(56, H), Atom(57, H), Atom(58, H), Atom(59, H), Atom(60, H), Atom(61, H)]"
Everolimus,C[C@@H]1CC[C@H]2C[C@@H](/C(=C/C=C/C=C/[C@H](C[C@H](C(=O)[C@@H]([C@@H](/C(=C/[C@H](C(=O)C[C@H](OC(=O)[C@@H]3CCCCN3C(=O)C(=O)[C@@]1(O2)O)[C@H](C)C[C@@H]4CC[C@H]([C@@H](C4)OC)OCCO)C)/C)O)OC)C)C)/C)OC,958.2,C53H83NO14,"[Atom(1, O), Atom(2, O), Atom(3, O), Atom(4, O), Atom(5, O), Atom(6, O), Atom(7, O), Atom(8, O), Atom(9, O), Atom(10, O), Atom(11, O), Atom(12, O), Atom(13, O), Atom(14, O), Atom(15, N), Atom(16, C), Atom(17, C), Atom(18, C), Atom(19, C), Atom(20, C), Atom(21, C), Atom(22, C), Atom(23, C), Atom(24, C), Atom(25, C), Atom(26, C), Atom(27, C), Atom(28, C), Atom(29, C), Atom(30, C), Atom(31, C), Atom(32, C), Atom(33, C), Atom(34, C), Atom(35, C), Atom(36, C), Atom(37, C), Atom(38, C), Atom(39, C), Atom(40, C), Atom(41, C), Atom(42, C), Atom(43, C), Atom(44, C), Atom(45, C), Atom(46, C), Atom(47, C), Atom(48, C), Atom(49, C), Atom(50, C), Atom(51, C), Atom(52, C), Atom(53, C), Atom(54, C), Atom(55, C), Atom(56, C), Atom(57, C), Atom(58, C), Atom(59, C), Atom(60, C), Atom(61, C), Atom(62, C), Atom(63, C), Atom(64, C), Atom(65, C), Atom(66, C), Atom(67, C), Atom(68, C), Atom(69, H), Atom(70, H), Atom(71, H), Atom(72, H), Atom(73, H), Atom(74, H), Atom(75, H), Atom(76, H), Atom(77, H), Atom(78, H), Atom(79, H), Atom(80, H), Atom(81, H), Atom(82, H), Atom(83, H), Atom(84, H), Atom(85, H), Atom(86, H), Atom(87, H), Atom(88, H), Atom(89, H), Atom(90, H), Atom(91, H), Atom(92, H), Atom(93, H), Atom(94, H), Atom(95, H), Atom(96, H), Atom(97, H), Atom(98, H), Atom(99, H), Atom(100, H), Atom(101, H), Atom(102, H), Atom(103, H), Atom(104, H), Atom(105, H), Atom(106, H), Atom(107, H), Atom(108, H), Atom(109, H), Atom(110, H), Atom(111, H), Atom(112, H), Atom(113, H), Atom(114, H), Atom(115, H), Atom(116, H), Atom(117, H), Atom(118, H), Atom(119, H), Atom(120, H), Atom(121, H), Atom(122, H), Atom(123, H), Atom(124, H), Atom(125, H), Atom(126, H), Atom(127, H), Atom(128, H), Atom(129, H), Atom(130, H), Atom(131, H), Atom(132, H), Atom(133, H), Atom(134, H), Atom(135, H), Atom(136, H), Atom(137, H), Atom(138, H), Atom(139, H), Atom(140, H), Atom(141, H), Atom(142, H), Atom(143, H), Atom(144, H), Atom(145, H), Atom(146, H), Atom(147, H), Atom(148, H), Atom(149, H), Atom(150, H), Atom(151, H)]"
Cobimetinib,C1CCN[C@@H](C1)C2(CN(C2)C(=O)C3=C(C(=C(C=C3)F)F)NC4=C(C=C(C=C4)I)F)O,531.3,C21H21F3IN3O2,"[Atom(1, I), Atom(2, F), Atom(3, F), Atom(4, F), Atom(5, O), Atom(6, O), Atom(7, N), Atom(8, N), Atom(9, N), Atom(10, C), Atom(11, C), Atom(12, C), Atom(13, C), Atom(14, C), Atom(15, C), Atom(16, C), Atom(17, C), Atom(18, C), Atom(19, C), Atom(20, C), Atom(21, C), Atom(22, C), Atom(23, C), Atom(24, C), Atom(25, C), Atom(26, C), Atom(27, C), Atom(28, C), Atom(29, C), Atom(30, C), Atom(31, H), Atom(32, H), Atom(33, H), Atom(34, H), Atom(35, H), Atom(36, H), Atom(37, H), Atom(38, H), Atom(39, H), Atom(40, H), Atom(41, H), Atom(42, H), Atom(43, H), Atom(44, H), Atom(45, H), Atom(46, H), Atom(47, H), Atom(48, H), Atom(49, H), Atom(50, H), Atom(51, H)]"
Regorafenib,CNC(=O)C1=NC=CC(=C1)OC2=CC(=C(C=C2)NC(=O)NC3=CC(=C(C=C3)Cl)C(F)(F)F)F,482.8,C21H15ClF4N4O3,"[Atom(1, Cl), Atom(2, F), Atom(3, F), Atom(4, F), Atom(5, F), Atom(6, O), Atom(7, O), Atom(8, O), Atom(9, N), Atom(10, N), Atom(11, N), Atom(12, N), Atom(13, C), Atom(14, C), Atom(15, C), Atom(16, C), Atom(17, C), Atom(18, C), Atom(19, C), Atom(20, C), Atom(21, C), Atom(22, C), Atom(23, C), Atom(24, C), Atom(25, C), Atom(26, C), Atom(27, C), Atom(28, C), Atom(29, C), Atom(30, C), Atom(31, C), Atom(32, C), Atom(33, C), Atom(34, H), Atom(35, H), Atom(36, H), Atom(37, H), Atom(38, H), Atom(39, H), Atom(40, H), Atom(41, H), Atom(42, H), Atom(43, H), Atom(44, H), Atom(45, H), Atom(46, H), Atom(47, H), Atom(48, H)]"
Foretinib,COC1=CC2=C(C=CN=C2C=C1OCCCN3CCOCC3)OC4=C(C=C(C=C4)NC(=O)C5(CC5)C(=O)NC6=CC=C(C=C6)F)F,632.7,C34H34F2N4O6,"[Atom(1, F), Atom(2, F), Atom(3, O), Atom(4, O), Atom(5, O), Atom(6, O), Atom(7, O), Atom(8, O), Atom(9, N), Atom(10, N), Atom(11, N), Atom(12, N), Atom(13, C), Atom(14, C), Atom(15, C), Atom(16, C), Atom(17, C), Atom(18, C), Atom(19, C), Atom(20, C), Atom(21, C), Atom(22, C), Atom(23, C), Atom(24, C), Atom(25, C), Atom(26, C), Atom(27, C), Atom(28, C), Atom(29, C), Atom(30, C), Atom(31, C), Atom(32, C), Atom(33, C), Atom(34, C), Atom(35, C), Atom(36, C), Atom(37, C), Atom(38, C), Atom(39, C), Atom(40, C), Atom(41, C), Atom(42, C), Atom(43, C), Atom(44, C), Atom(45, C), Atom(46, C), Atom(47, H), Atom(48, H), Atom(49, H), Atom(50, H), Atom(51, H), Atom(52, H), Atom(53, H), Atom(54, H), Atom(55, H), Atom(56, H), Atom(57, H), Atom(58, H), Atom(59, H), Atom(60, H), Atom(61, H), Atom(62, H), Atom(63, H), Atom(64, H), Atom(65, H), Atom(66, H), Atom(67, H), Atom(68, H), Atom(69, H), Atom(70, H), Atom(71, H), Atom(72, H), Atom(73, H), Atom(74, H), Atom(75, H), Atom(76, H), Atom(77, H), Atom(78, H), Atom(79, H), Atom(80, H)]"
Ceritinib,CC1=CC(=C(C=C1C2CCNCC2)OC(C)C)NC3=NC=C(C(=N3)NC4=CC=CC=C4S(=O)(=O)C(C)C)Cl,558.1,C28H36ClN5O3S,"[Atom(1, Cl), Atom(2, S), Atom(3, O), Atom(4, O), Atom(5, O), Atom(6, N), Atom(7, N), Atom(8, N), Atom(9, N), Atom(10, N), Atom(11, C), Atom(12, C), Atom(13, C), Atom(14, C), Atom(15, C), Atom(16, C), Atom(17, C), Atom(18, C), Atom(19, C), Atom(20, C), Atom(21, C), Atom(22, C), Atom(23, C), Atom(24, C), Atom(25, C), Atom(26, C), Atom(27, C), Atom(28, C), Atom(29, C), Atom(30, C), Atom(31, C), Atom(32, C), Atom(33, C), Atom(34, C), Atom(35, C), Atom(36, C), Atom(37, C), Atom(38, C), Atom(39, H), Atom(40, H), Atom(41, H), Atom(42, H), Atom(43, H), Atom(44, H), Atom(45, H), Atom(46, H), Atom(47, H), Atom(48, H), Atom(49, H), Atom(50, H), Atom(51, H), Atom(52, H), Atom(53, H), Atom(54, H), Atom(55, H), Atom(56, H), Atom(57, H), Atom(58, H), Atom(59, H), Atom(60, H), Atom(61, H), Atom(62, H), Atom(63, H), Atom(64, H), Atom(65, H), Atom(66, H), Atom(67, H), Atom(68, H), Atom(69, H), Atom(70, H), Atom(71, H), Atom(72, H), Atom(73, H), Atom(74, H)]"
Brigatinib,CN1CCN(CC1)C2CCN(CC2)C3=CC(=C(C=C3)NC4=NC=C(C(=N4)NC5=CC=CC=C5P(=O)(C)C)Cl)OC,584.1,C29H39ClN7O2P,"[Atom(1, Cl), Atom(2, P), Atom(3, O), Atom(4, O), Atom(5, N), Atom(6, N), Atom(7, N), Atom(8, N), Atom(9, N), Atom(10, N), Atom(11, N), Atom(12, C), Atom(13, C), Atom(14, C), Atom(15, C), Atom(16, C), Atom(17, C), Atom(18, C), Atom(19, C), Atom(20, C), Atom(21, C), Atom(22, C), Atom(23, C), Atom(24, C), Atom(25, C), Atom(26, C), Atom(27, C), Atom(28, C), Atom(29, C), Atom(30, C), Atom(31, C), Atom(32, C), Atom(33, C), Atom(34, C), Atom(35, C), Atom(36, C), Atom(37, C), Atom(38, C), Atom(39, C), Atom(40, C), Atom(41, H), Atom(42, H), Atom(43, H), Atom(44, H), Atom(45, H), Atom(46, H), Atom(47, H), Atom(48, H), Atom(49, H), Atom(50, H), Atom(51, H), Atom(52, H), Atom(53, H), Atom(54, H), Atom(55, H), Atom(56, H), Atom(57, H), Atom(58, H), Atom(59, H), Atom(60, H), Atom(61, H), Atom(62, H), Atom(63, H), Atom(64, H), Atom(65, H), Atom(66, H), Atom(67, H), Atom(68, H), Atom(69, H), Atom(70, H), Atom(71, H), Atom(72, H), Atom(73, H), Atom(74, H), Atom(75, H), Atom(76, H), Atom(77, H), Atom(78, H), Atom(79, H)]"
PD173074,CCN(CC)CCCCNC1=NC2=NC(=C(C=C2C=N1)C3=CC(=CC(=C3)OC)OC)NC(=O)NC(C)(C)C,523.7,C28H41N7O3,"[Atom(1, O), Atom(2, O), Atom(3, O), Atom(4, N), Atom(5, N), Atom(6, N), Atom(7, N), Atom(8, N), Atom(9, N), Atom(10, N), Atom(11, C), Atom(12, C), Atom(13, C), Atom(14, C), Atom(15, C), Atom(16, C), Atom(17, C), Atom(18, C), Atom(19, C), Atom(20, C), Atom(21, C), Atom(22, C), Atom(23, C), Atom(24, C), Atom(25, C), Atom(26, C), Atom(27, C), Atom(28, C), Atom(29, C), Atom(30, C), Atom(31, C), Atom(32, C), Atom(33, C), Atom(34, C), Atom(35, C), Atom(36, C), Atom(37, C), Atom(38, C), Atom(39, H), Atom(40, H), Atom(41, H), Atom(42, H), Atom(43, H), Atom(44, H), Atom(45, H), Atom(46, H), Atom(47, H), Atom(48, H), Atom(49, H), Atom(50, H), Atom(51, H), Atom(52, H), Atom(53, H), Atom(54, H), Atom(55, H), Atom(56, H), Atom(57, H), Atom(58, H), Atom(59, H), Atom(60, H), Atom(61, H), Atom(62, H), Atom(63, H), Atom(64, H), Atom(65, H), Atom(66, H), Atom(67, H), Atom(68, H), Atom(69, H), Atom(70, H), Atom(71, H), Atom(72, H), Atom(73, H), Atom(74, H), Atom(75, H), Atom(76, H), Atom(77, H), Atom(78, H), Atom(79, H)]"
AZD3463,COC1=C(C=CC(=C1)N2CCC(CC2)N)NC3=NC=C(C(=N3)C4=CNC5=CC=CC=C54)Cl,448.9,C24H25ClN6O,"[Atom(1, Cl), Atom(2, O), Atom(3, N), Atom(4, N), Atom(5, N), Atom(6, N), Atom(7, N), Atom(8, N), Atom(9, C), Atom(10, C), Atom(11, C), Atom(12, C), Atom(13, C), Atom(14, C), Atom(15, C), Atom(16, C), Atom(17, C), Atom(18, C), Atom(19, C), Atom(20, C), Atom(21, C), Atom(22, C), Atom(23, C), Atom(24, C), Atom(25, C), Atom(26, C), Atom(27, C), Atom(28, C), Atom(29, C), Atom(30, C), Atom(31, C), Atom(32, C), Atom(33, H), Atom(34, H), Atom(35, H), Atom(36, H), Atom(37, H), Atom(38, H), Atom(39, H), Atom(40, H), Atom(41, H), Atom(42, H), Atom(43, H), Atom(44, H), Atom(45, H), Atom(46, H), Atom(47, H), Atom(48, H), Atom(49, H), Atom(50, H), Atom(51, H), Atom(52, H), Atom(53, H), Atom(54, H), Atom(55, H), Atom(56, H), Atom(57, H)]"
Dactolisib,CC(C)(C#N)C1=CC=C(C=C1)N2C3=C4C=C(C=CC4=NC=C3N(C2=O)C)C5=CC6=CC=CC=C6N=C5,469.5,C30H23N5O,"[Atom(1, O), Atom(2, N), Atom(3, N), Atom(4, N), Atom(5, N), Atom(6, N), Atom(7, C), Atom(8, C), Atom(9, C), Atom(10, C), Atom(11, C), Atom(12, C), Atom(13, C), Atom(14, C), Atom(15, C), Atom(16, C), Atom(17, C), Atom(18, C), Atom(19, C), Atom(20, C), Atom(21, C), Atom(22, C), Atom(23, C), Atom(24, C), Atom(25, C), Atom(26, C), Atom(27, C), Atom(28, C), Atom(29, C), Atom(30, C), Atom(31, C), Atom(32, C), Atom(33, C), Atom(34, C), Atom(35, C), Atom(36, C), Atom(37, H), Atom(38, H), Atom(39, H), Atom(40, H), Atom(41, H), Atom(42, H), Atom(43, H), Atom(44, H), Atom(45, H), Atom(46, H), Atom(47, H), Atom(48, H), Atom(49, H), Atom(50, H), Atom(51, H), Atom(52, H), Atom(53, H), Atom(54, H), Atom(55, H), Atom(56, H), Atom(57, H), Atom(58, H), Atom(59, H)]"
Alpelisib,CC1=C(SC(=N1)NC(=O)N2CCC[C@H]2C(=O)N)C3=CC(=NC=C3)C(C)(C)C(F)(F)F,441.5,C19H22F3N5O2S,"[Atom(1, S), Atom(2, F), Atom(3, F), Atom(4, F), Atom(5, O), Atom(6, O), Atom(7, N), Atom(8, N), Atom(9, N), Atom(10, N), Atom(11, N), Atom(12, C), Atom(13, C), Atom(14, C), Atom(15, C), Atom(16, C), Atom(17, C), Atom(18, C), Atom(19, C), Atom(20, C), Atom(21, C), Atom(22, C), Atom(23, C), Atom(24, C), Atom(25, C), Atom(26, C), Atom(27, C), Atom(28, C), Atom(29, C), Atom(30, C), Atom(31, H), Atom(32, H), Atom(33, H), Atom(34, H), Atom(35, H), Atom(36, H), Atom(37, H), Atom(38, H), Atom(39, H), Atom(40, H), Atom(41, H), Atom(42, H), Atom(43, H), Atom(44, H), Atom(45, H), Atom(46, H), Atom(47, H), Atom(48, H), Atom(49, H), Atom(50, H), Atom(51, H), Atom(52, H)]"
Spliceostatin A,C[C@H]1C[C@H]([C@H](O[C@H]1C/C=C(\C)/C=C/[C@@H]2[C@H]([C@@]3(C[C@@](O2)(C)OC)CO3)O)C)NC(=O)/C=C\[C@H](C)OC(=O)C,521.6,C28H43NO8,"[Atom(1, O), Atom(2, O), Atom(3, O), Atom(4, O), Atom(5, O), Atom(6, O), Atom(7, O), Atom(8, O), Atom(9, N), Atom(10, C), Atom(11, C), Atom(12, C), Atom(13, C), Atom(14, C), Atom(15, C), Atom(16, C), Atom(17, C), Atom(18, C), Atom(19, C), Atom(20, C), Atom(21, C), Atom(22, C), Atom(23, C), Atom(24, C), Atom(25, C), Atom(26, C), Atom(27, C), Atom(28, C), Atom(29, C), Atom(30, C), Atom(31, C), Atom(32, C), Atom(33, C), Atom(34, C), Atom(35, C), Atom(36, C), Atom(37, C), Atom(38, H), Atom(39, H), Atom(40, H), Atom(41, H), Atom(42, H), Atom(43, H), Atom(44, H), Atom(45, H), Atom(46, H), Atom(47, H), Atom(48, H), Atom(49, H), Atom(50, H), Atom(51, H), Atom(52, H), Atom(53, H), Atom(54, H), Atom(55, H), Atom(56, H), Atom(57, H), Atom(58, H), Atom(59, H), Atom(60, H), Atom(61, H), Atom(62, H), Atom(63, H), Atom(64, H), Atom(65, H), Atom(66, H), Atom(67, H), Atom(68, H), Atom(69, H), Atom(70, H), Atom(71, H), Atom(72, H), Atom(73, H), Atom(74, H), Atom(75, H), Atom(76, H), Atom(77, H), Atom(78, H), Atom(79, H), Atom(80, H)]"
BCP32858,CCC1(C2=C(COC1=O)C(=O)N3CC4=C5C(CCC6=C5C(=CC(=C6C)F)N=C4C3=C2)NC(=O)CO)O,493.5,C26H24FN3O6,"[Atom(1, F), Atom(2, O), Atom(3, O), Atom(4, O), Atom(5, O), Atom(6, O), Atom(7, O), Atom(8, N), Atom(9, N), Atom(10, N), Atom(11, C), Atom(12, C), Atom(13, C), Atom(14, C), Atom(15, C), Atom(16, C), Atom(17, C), Atom(18, C), Atom(19, C), Atom(20, C), Atom(21, C), Atom(22, C), Atom(23, C), Atom(24, C), Atom(25, C), Atom(26, C), Atom(27, C), Atom(28, C), Atom(29, C), Atom(30, C), Atom(31, C), Atom(32, C), Atom(33, C), Atom(34, C), Atom(35, C), Atom(36, C), Atom(37, H), Atom(38, H), Atom(39, H), Atom(40, H), Atom(41, H), Atom(42, H), Atom(43, H), Atom(44, H), Atom(45, H), Atom(46, H), Atom(47, H), Atom(48, H), Atom(49, H), Atom(50, H), Atom(51, H), Atom(52, H), Atom(53, H), Atom(54, H), Atom(55, H), Atom(56, H), Atom(57, H), Atom(58, H), Atom(59, H), Atom(60, H)]"
MEK Inhibitor TAK-733,CN1C2=C(C(=C(C1=O)F)NC3=C(C=C(C=C3)I)F)C(=O)N(C=N2)C[C@H](CO)O,504.23,C17H15F2IN4O4,"[Atom(1, I), Atom(2, F), Atom(3, F), Atom(4, O), Atom(5, O), Atom(6, O), Atom(7, O), Atom(8, N), Atom(9, N), Atom(10, N), Atom(11, N), Atom(12, C), Atom(13, C), Atom(14, C), Atom(15, C), Atom(16, C), Atom(17, C), Atom(18, C), Atom(19, C), Atom(20, C), Atom(21, C), Atom(22, C), Atom(23, C), Atom(24, C), Atom(25, C), Atom(26, C), Atom(27, C), Atom(28, C), Atom(29, H), Atom(30, H), Atom(31, H), Atom(32, H), Atom(33, H), Atom(34, H), Atom(35, H), Atom(36, H), Atom(37, H), Atom(38, H), Atom(39, H), Atom(40, H), Atom(41, H), Atom(42, H), Atom(43, H)]"
Taselisib,CC1=NN(C(=N1)C2=CN3CCOC4=C(C3=N2)C=CC(=C4)C5=CN(N=C5)C(C)(C)C(=O)N)C(C)C,460.5,C24H28N8O2,"[Atom(1, O), Atom(2, O), Atom(3, N), Atom(4, N), Atom(5, N), Atom(6, N), Atom(7, N), Atom(8, N), Atom(9, N), Atom(10, N), Atom(11, C), Atom(12, C), Atom(13, C), Atom(14, C), Atom(15, C), Atom(16, C), Atom(17, C), Atom(18, C), Atom(19, C), Atom(20, C), Atom(21, C), Atom(22, C), Atom(23, C), Atom(24, C), Atom(25, C), Atom(26, C), Atom(27, C), Atom(28, C), Atom(29, C), Atom(30, C), Atom(31, C), Atom(32, C), Atom(33, C), Atom(34, C), Atom(35, H), Atom(36, H), Atom(37, H), Atom(38, H), Atom(39, H), Atom(40, H), Atom(41, H), Atom(42, H), Atom(43, H), Atom(44, H), Atom(45, H), Atom(46, H), Atom(47, H), Atom(48, H), Atom(49, H), Atom(50, H), Atom(51, H), Atom(52, H), Atom(53, H), Atom(54, H), Atom(55, H), Atom(56, H), Atom(57, H), Atom(58, H), Atom(59, H), Atom(60, H), Atom(61, H), Atom(62, H)]"
PLX4720,CCCS(=O)(=O)NC1=C(C(=C(C=C1)F)C(=O)C2=CNC3=C2C=C(C=N3)Cl)F,413.8,C17H14ClF2N3O3S,"[Atom(1, Cl), Atom(2, S), Atom(3, F), Atom(4, F), Atom(5, O), Atom(6, O), Atom(7, O), Atom(8, N), Atom(9, N), Atom(10, N), Atom(11, C), Atom(12, C), Atom(13, C), Atom(14, C), Atom(15, C), Atom(16, C), Atom(17, C), Atom(18, C), Atom(19, C), Atom(20, C), Atom(21, C), Atom(22, C), Atom(23, C), Atom(24, C), Atom(25, C), Atom(26, C), Atom(27, C), Atom(28, H), Atom(29, H), Atom(30, H), Atom(31, H), Atom(32, H), Atom(33, H), Atom(34, H), Atom(35, H), Atom(36, H), Atom(37, H), Atom(38, H), Atom(39, H), Atom(40, H), Atom(41, H)]"
AZD8055,C[C@H]1COCCN1C2=NC(=NC3=C2C=CC(=N3)C4=CC(=C(C=C4)OC)CO)N5CCOC[C@@H]5C,465.5,C25H31N5O4,"[Atom(1, O), Atom(2, O), Atom(3, O), Atom(4, O), Atom(5, N), Atom(6, N), Atom(7, N), Atom(8, N), Atom(9, N), Atom(10, C), Atom(11, C), Atom(12, C), Atom(13, C), Atom(14, C), Atom(15, C), Atom(16, C), Atom(17, C), Atom(18, C), Atom(19, C), Atom(20, C), Atom(21, C), Atom(22, C), Atom(23, C), Atom(24, C), Atom(25, C), Atom(26, C), Atom(27, C), Atom(28, C), Atom(29, C), Atom(30, C), Atom(31, C), Atom(32, C), Atom(33, C), Atom(34, C), Atom(35, H), Atom(36, H), Atom(37, H), Atom(38, H), Atom(39, H), Atom(40, H), Atom(41, H), Atom(42, H), Atom(43, H), Atom(44, H), Atom(45, H), Atom(46, H), Atom(47, H), Atom(48, H), Atom(49, H), Atom(50, H), Atom(51, H), Atom(52, H), Atom(53, H), Atom(54, H), Atom(55, H), Atom(56, H), Atom(57, H), Atom(58, H), Atom(59, H), Atom(60, H), Atom(61, H), Atom(62, H), Atom(63, H), Atom(64, H), Atom(65, H)]"
Apitolisib,CC1=C(SC2=C1N=C(N=C2N3CCOCC3)C4=CN=C(N=C4)N)CN5CCN(CC5)C(=O)[C@H](C)O,498.6,C23H30N8O3S,"[Atom(1, S), Atom(2, O), Atom(3, O), Atom(4, O), Atom(5, N), Atom(6, N), Atom(7, N), Atom(8, N), Atom(9, N), Atom(10, N), Atom(11, N), Atom(12, N), Atom(13, C), Atom(14, C), Atom(15, C), Atom(16, C), Atom(17, C), Atom(18, C), Atom(19, C), Atom(20, C), Atom(21, C), Atom(22, C), Atom(23, C), Atom(24, C), Atom(25, C), Atom(26, C), Atom(27, C), Atom(28, C), Atom(29, C), Atom(30, C), Atom(31, C), Atom(32, C), Atom(33, C), Atom(34, C), Atom(35, C), Atom(36, H), Atom(37, H), Atom(38, H), Atom(39, H), Atom(40, H), Atom(41, H), Atom(42, H), Atom(43, H), Atom(44, H), Atom(45, H), Atom(46, H), Atom(47, H), Atom(48, H), Atom(49, H), Atom(50, H), Atom(51, H), Atom(52, H), Atom(53, H), Atom(54, H), Atom(55, H), Atom(56, H), Atom(57, H), Atom(58, H), Atom(59, H), Atom(60, H), Atom(61, H), Atom(62, H), Atom(63, H), Atom(64, H), Atom(65, H)]"
Pazopanib,CC1=C(C=C(C=C1)NC2=NC=CC(=N2)N(C)C3=CC4=NN(C(=C4C=C3)C)C)S(=O)(=O)N,437.5,C21H23N7O2S,"[Atom(1, S), Atom(2, O), Atom(3, O), Atom(4, N), Atom(5, N), Atom(6, N), Atom(7, N), Atom(8, N), Atom(9, N), Atom(10, N), Atom(11, C), Atom(12, C), Atom(13, C), Atom(14, C), Atom(15, C), Atom(16, C), Atom(17, C), Atom(18, C), Atom(19, C), Atom(20, C), Atom(21, C), Atom(22, C), Atom(23, C), Atom(24, C), Atom(25, C), Atom(26, C), Atom(27, C), Atom(28, C), Atom(29, C), Atom(30, C), Atom(31, C), Atom(32, H), Atom(33, H), Atom(34, H), Atom(35, H), Atom(36, H), Atom(37, H), Atom(38, H), Atom(39, H), Atom(40, H), Atom(41, H), Atom(42, H), Atom(43, H), Atom(44, H), Atom(45, H), Atom(46, H), Atom(47, H), Atom(48, H), Atom(49, H), Atom(50, H), Atom(51, H), Atom(52, H), Atom(53, H), Atom(54, H)]"
Midostaurin,C[C@@]12[C@@H]([C@@H](C[C@@H](O1)N3C4=CC=CC=C4C5=C6C(=C7C8=CC=CC=C8N2C7=C53)CNC6=O)N(C)C(=O)C9=CC=CC=C9)OC,570.6,C35H30N4O4,"[Atom(1, O), Atom(2, O), Atom(3, O), Atom(4, O), Atom(5, N), Atom(6, N), Atom(7, N), Atom(8, N), Atom(9, C), Atom(10, C), Atom(11, C), Atom(12, C), Atom(13, C), Atom(14, C), Atom(15, C), Atom(16, C), Atom(17, C), Atom(18, C), Atom(19, C), Atom(20, C), Atom(21, C), Atom(22, C), Atom(23, C), Atom(24, C), Atom(25, C), Atom(26, C), Atom(27, C), Atom(28, C), Atom(29, C), Atom(30, C), Atom(31, C), Atom(32, C), Atom(33, C), Atom(34, C), Atom(35, C), Atom(36, C), Atom(37, C), Atom(38, C), Atom(39, C), Atom(40, C), Atom(41, C), Atom(42, C), Atom(43, C), Atom(44, H), Atom(45, H), Atom(46, H), Atom(47, H), Atom(48, H), Atom(49, H), Atom(50, H), Atom(51, H), Atom(52, H), Atom(53, H), Atom(54, H), Atom(55, H), Atom(56, H), Atom(57, H), Atom(58, H), Atom(59, H), Atom(60, H), Atom(61, H), Atom(62, H), Atom(63, H), Atom(64, H), Atom(65, H), Atom(66, H), Atom(67, H), Atom(68, H), Atom(69, H), Atom(70, H), Atom(71, H), Atom(72, H), Atom(73, H)]"
Methotrexate,CN(CC1=CN=C2C(=N1)C(=NC(=N2)N)N)C3=CC=C(C=C3)C(=O)N[C@@H](CCC(=O)O)C(=O)O,454.4,C20H22N8O5,"[Atom(1, O), Atom(2, O), Atom(3, O), Atom(4, O), Atom(5, O), Atom(6, N), Atom(7, N), Atom(8, N), Atom(9, N), Atom(10, N), Atom(11, N), Atom(12, N), Atom(13, N), Atom(14, C), Atom(15, C), Atom(16, C), Atom(17, C), Atom(18, C), Atom(19, C), Atom(20, C), Atom(21, C), Atom(22, C), Atom(23, C), Atom(24, C), Atom(25, C), Atom(26, C), Atom(27, C), Atom(28, C), Atom(29, C), Atom(30, C), Atom(31, C), Atom(32, C), Atom(33, C), Atom(34, H), Atom(35, H), Atom(36, H), Atom(37, H), Atom(38, H), Atom(39, H), Atom(40, H), Atom(41, H), Atom(42, H), Atom(43, H), Atom(44, H), Atom(45, H), Atom(46, H), Atom(47, H), Atom(48, H), Atom(49, H), Atom(50, H), Atom(51, H), Atom(52, H), Atom(53, H), Atom(54, H), Atom(55, H)]"
Savolitinib,C[C@@H](C1=CN2C=CN=C2C=C1)N3C4=NC(=CN=C4N=N3)C5=CN(N=C5)C,345.4,C17H15N9,"[Atom(1, N), Atom(2, N), Atom(3, N), Atom(4, N), Atom(5, N), Atom(6, N), Atom(7, N), Atom(8, N), Atom(9, N), Atom(10, C), Atom(11, C), Atom(12, C), Atom(13, C), Atom(14, C), Atom(15, C), Atom(16, C), Atom(17, C), Atom(18, C), Atom(19, C), Atom(20, C), Atom(21, C), Atom(22, C), Atom(23, C), Atom(24, C), Atom(25, C), Atom(26, C), Atom(27, H), Atom(28, H), Atom(29, H), Atom(30, H), Atom(31, H), Atom(32, H), Atom(33, H), Atom(34, H), Atom(35, H), Atom(36, H), Atom(37, H), Atom(38, H), Atom(39, H), Atom(40, H), Atom(41, H)]"
Entrectinib,CN1CCN(CC1)C2=CC(=C(C=C2)C(=O)NC3=NNC4=C3C=C(C=C4)CC5=CC(=CC(=C5)F)F)NC6CCOCC6,560.6,C31H34F2N6O2,"[Atom(1, F), Atom(2, F), Atom(3, O), Atom(4, O), Atom(5, N), Atom(6, N), Atom(7, N), Atom(8, N), Atom(9, N), Atom(10, N), Atom(11, C), Atom(12, C), Atom(13, C), Atom(14, C), Atom(15, C), Atom(16, C), Atom(17, C), Atom(18, C), Atom(19, C), Atom(20, C), Atom(21, C), Atom(22, C), Atom(23, C), Atom(24, C), Atom(25, C), Atom(26, C), Atom(27, C), Atom(28, C), Atom(29, C), Atom(30, C), Atom(31, C), Atom(32, C), Atom(33, C), Atom(34, C), Atom(35, C), Atom(36, C), Atom(37, C), Atom(38, C), Atom(39, C), Atom(40, C), Atom(41, C), Atom(42, H), Atom(43, H), Atom(44, H), Atom(45, H), Atom(46, H), Atom(47, H), Atom(48, H), Atom(49, H), Atom(50, H), Atom(51, H), Atom(52, H), Atom(53, H), Atom(54, H), Atom(55, H), Atom(56, H), Atom(57, H), Atom(58, H), Atom(59, H), Atom(60, H), Atom(61, H), Atom(62, H), Atom(63, H), Atom(64, H), Atom(65, H), Atom(66, H), Atom(67, H), Atom(68, H), Atom(69, H), Atom(70, H), Atom(71, H), Atom(72, H), Atom(73, H), Atom(74, H), Atom(75, H)]"
Ruxolitinib,C1CCC(C1)[C@@H](CC#N)N2C=C(C=N2)C3=C4C=CNC4=NC=N3,306.4,C17H18N6,"[Atom(1, N), Atom(2, N), Atom(3, N), Atom(4, N), Atom(5, N), Atom(6, N), Atom(7, C), Atom(8, C), Atom(9, C), Atom(10, C), Atom(11, C), Atom(12, C), Atom(13, C), Atom(14, C), Atom(15, C), Atom(16, C), Atom(17, C), Atom(18, C), Atom(19, C), Atom(20, C), Atom(21, C), Atom(22, C), Atom(23, C), Atom(24, H), Atom(25, H), Atom(26, H), Atom(27, H), Atom(28, H), Atom(29, H), Atom(30, H), Atom(31, H), Atom(32, H), Atom(33, H), Atom(34, H), Atom(35, H), Atom(36, H), Atom(37, H), Atom(38, H), Atom(39, H), Atom(40, H), Atom(41, H)]"
Melphalan,C1=CC(=CC=C1C[C@@H](C(=O)O)N)N(CCCl)CCCl,305.20,C13H18Cl2N2O2,"[Atom(1, Cl), Atom(2, Cl), Atom(3, O), Atom(4, O), Atom(5, N), Atom(6, N), Atom(7, C), Atom(8, C), Atom(9, C), Atom(10, C), Atom(11, C), Atom(12, C), Atom(13, C), Atom(14, C), Atom(15, C), Atom(16, C), Atom(17, C), Atom(18, C), Atom(19, C), Atom(20, H), Atom(21, H), Atom(22, H), Atom(23, H), Atom(24, H), Atom(25, H), Atom(26, H), Atom(27, H), Atom(28, H), Atom(29, H), Atom(30, H), Atom(31, H), Atom(32, H), Atom(33, H), Atom(34, H), Atom(35, H), Atom(36, H), Atom(37, H)]"
PI103,C1COCCN1C2=NC(=NC3=C2OC4=C3C=CC=N4)C5=CC(=CC=C5)O,348.4,C19H16N4O3,"[Atom(1, O), Atom(2, O), Atom(3, O), Atom(4, N), Atom(5, N), Atom(6, N), Atom(7, N), Atom(8, C), Atom(9, C), Atom(10, C), Atom(11, C), Atom(12, C), Atom(13, C), Atom(14, C), Atom(15, C), Atom(16, C), Atom(17, C), Atom(18, C), Atom(19, C), Atom(20, C), Atom(21, C), Atom(22, C), Atom(23, C), Atom(24, C), Atom(25, C), Atom(26, C), Atom(27, H), Atom(28, H), Atom(29, H), Atom(30, H), Atom(31, H), Atom(32, H), Atom(33, H), Atom(34, H), Atom(35, H), Atom(36, H), Atom(37, H), Atom(38, H), Atom(39, H), Atom(40, H), Atom(41, H), Atom(42, H)]"
PI-103,C1COCCN1C2=NC(=NC3=C2OC4=C3C=CC=N4)C5=CC(=CC=C5)O,348.4,C19H16N4O3,"[Atom(1, O), Atom(2, O), Atom(3, O), Atom(4, N), Atom(5, N), Atom(6, N), Atom(7, N), Atom(8, C), Atom(9, C), Atom(10, C), Atom(11, C), Atom(12, C), Atom(13, C), Atom(14, C), Atom(15, C), Atom(16, C), Atom(17, C), Atom(18, C), Atom(19, C), Atom(20, C), Atom(21, C), Atom(22, C), Atom(23, C), Atom(24, C), Atom(25, C), Atom(26, C), Atom(27, H), Atom(28, H), Atom(29, H), Atom(30, H), Atom(31, H), Atom(32, H), Atom(33, H), Atom(34, H), Atom(35, H), Atom(36, H), Atom(37, H), Atom(38, H), Atom(39, H), Atom(40, H), Atom(41, H), Atom(42, H)]"
Oxaliplatin,C1CC[C@H]([C@@H](C1)[NH-])[NH-].C(=O)(C(=O)O)O.[Pt+2],397.29,C8H14N2O4Pt,"[Atom(1, Pt), Atom(2, O), Atom(3, O), Atom(4, O), Atom(5, O), Atom(6, N), Atom(7, N), Atom(8, C), Atom(9, C), Atom(10, C), Atom(11, C), Atom(12, C), Atom(13, C), Atom(14, C), Atom(15, C), Atom(16, H), Atom(17, H), Atom(18, H), Atom(19, H), Atom(20, H), Atom(21, H), Atom(22, H), Atom(23, H), Atom(24, H), Atom(25, H), Atom(26, H), Atom(27, H), Atom(28, H), Atom(29, H)]"
Irinotecan,CCC1=C2CN3C(=CC4=C(C3=O)COC(=O)[C@@]4(CC)O)C2=NC5=C1C=C(C=C5)OC(=O)N6CCC(CC6)N7CCCCC7,586.7,C33H38N4O6,"[Atom(1, O), Atom(2, O), Atom(3, O), Atom(4, O), Atom(5, O), Atom(6, O), Atom(7, N), Atom(8, N), Atom(9, N), Atom(10, N), Atom(11, C), Atom(12, C), Atom(13, C), Atom(14, C), Atom(15, C), Atom(16, C), Atom(17, C), Atom(18, C), Atom(19, C), Atom(20, C), Atom(21, C), Atom(22, C), Atom(23, C), Atom(24, C), Atom(25, C), Atom(26, C), Atom(27, C), Atom(28, C), Atom(29, C), Atom(30, C), Atom(31, C), Atom(32, C), Atom(33, C), Atom(34, C), Atom(35, C), Atom(36, C), Atom(37, C), Atom(38, C), Atom(39, C), Atom(40, C), Atom(41, C), Atom(42, C), Atom(43, C), Atom(44, H), Atom(45, H), Atom(46, H), Atom(47, H), Atom(48, H), Atom(49, H), Atom(50, H), Atom(51, H), Atom(52, H), Atom(53, H), Atom(54, H), Atom(55, H), Atom(56, H), Atom(57, H), Atom(58, H), Atom(59, H), Atom(60, H), Atom(61, H), Atom(62, H), Atom(63, H), Atom(64, H), Atom(65, H), Atom(66, H), Atom(67, H), Atom(68, H), Atom(69, H), Atom(70, H), Atom(71, H), Atom(72, H), Atom(73, H), Atom(74, H), Atom(75, H), Atom(76, H), Atom(77, H), Atom(78, H), Atom(79, H), Atom(80, H), Atom(81, H)]"
Canertinib,C=CC(=O)NC1=C(C=C2C(=C1)C(=NC=N2)NC3=CC(=C(C=C3)F)Cl)OCCCN4CCOCC4,485.9,C24H25ClFN5O3,"[Atom(1, Cl), Atom(2, F), Atom(3, O), Atom(4, O), Atom(5, O), Atom(6, N), Atom(7, N), Atom(8, N), Atom(9, N), Atom(10, N), Atom(11, C), Atom(12, C), Atom(13, C), Atom(14, C), Atom(15, C), Atom(16, C), Atom(17, C), Atom(18, C), Atom(19, C), Atom(20, C), Atom(21, C), Atom(22, C), Atom(23, C), Atom(24, C), Atom(25, C), Atom(26, C), Atom(27, C), Atom(28, C), Atom(29, C), Atom(30, C), Atom(31, C), Atom(32, C), Atom(33, C), Atom(34, C), Atom(35, H), Atom(36, H), Atom(37, H), Atom(38, H), Atom(39, H), Atom(40, H), Atom(41, H), Atom(42, H), Atom(43, H), Atom(44, H), Atom(45, H), Atom(46, H), Atom(47, H), Atom(48, H), Atom(49, H), Atom(50, H), Atom(51, H), Atom(52, H), Atom(53, H), Atom(54, H), Atom(55, H), Atom(56, H), Atom(57, H), Atom(58, H), Atom(59, H)]"
Nilotinib,CC1=C(C=C(C=C1)C(=O)NC2=CC(=CC(=C2)C(F)(F)F)N3C=C(N=C3)C)NC4=NC=CC(=N4)C5=CN=CC=C5,529.5,C28H22F3N7O,"[Atom(1, F), Atom(2, F), Atom(3, F), Atom(4, O), Atom(5, N), Atom(6, N), Atom(7, N), Atom(8, N), Atom(9, N), Atom(10, N), Atom(11, N), Atom(12, C), Atom(13, C), Atom(14, C), Atom(15, C), Atom(16, C), Atom(17, C), Atom(18, C), Atom(19, C), Atom(20, C), Atom(21, C), Atom(22, C), Atom(23, C), Atom(24, C), Atom(25, C), Atom(26, C), Atom(27, C), Atom(28, C), Atom(29, C), Atom(30, C), Atom(31, C), Atom(32, C), Atom(33, C), Atom(34, C), Atom(35, C), Atom(36, C), Atom(37, C), Atom(38, C), Atom(39, C), Atom(40, H), Atom(41, H), Atom(42, H), Atom(43, H), Atom(44, H), Atom(45, H), Atom(46, H), Atom(47, H), Atom(48, H), Atom(49, H), Atom(50, H), Atom(51, H), Atom(52, H), Atom(53, H), Atom(54, H), Atom(55, H), Atom(56, H), Atom(57, H), Atom(58, H), Atom(59, H), Atom(60, H), Atom(61, H)]"
Ivosidenib,C1CC(=O)N([C@@H]1C(=O)N(C2=CC(=CN=C2)F)[C@@H](C3=CC=CC=C3Cl)C(=O)NC4CC(C4)(F)F)C5=NC=CC(=C5)C#N,583.0,C28H22ClF3N6O3,"[Atom(1, Cl), Atom(2, F), Atom(3, F), Atom(4, F), Atom(5, O), Atom(6, O), Atom(7, O), Atom(8, N), Atom(9, N), Atom(10, N), Atom(11, N), Atom(12, N), Atom(13, N), Atom(14, C), Atom(15, C), Atom(16, C), Atom(17, C), Atom(18, C), Atom(19, C), Atom(20, C), Atom(21, C), Atom(22, C), Atom(23, C), Atom(24, C), Atom(25, C), Atom(26, C), Atom(27, C), Atom(28, C), Atom(29, C), Atom(30, C), Atom(31, C), Atom(32, C), Atom(33, C), Atom(34, C), Atom(35, C), Atom(36, C), Atom(37, C), Atom(38, C), Atom(39, C), Atom(40, C), Atom(41, C), Atom(42, H), Atom(43, H), Atom(44, H), Atom(45, H), Atom(46, H), Atom(47, H), Atom(48, H), Atom(49, H), Atom(50, H), Atom(51, H), Atom(52, H), Atom(53, H), Atom(54, H), Atom(55, H), Atom(56, H), Atom(57, H), Atom(58, H), Atom(59, H), Atom(60, H), Atom(61, H), Atom(62, H), Atom(63, H)]"
BPTES,C1=CC=C(C=C1)CC(=O)NC2=NN=C(S2)CCSCCC3=NN=C(S3)NC(=O)CC4=CC=CC=C4,524.7,C24H24N6O2S3,"[Atom(1, S), Atom(2, S), Atom(3, S), Atom(4, O), Atom(5, O), Atom(6, N), Atom(7, N), Atom(8, N), Atom(9, N), Atom(10, N), Atom(11, N), Atom(12, C), Atom(13, C), Atom(14, C), Atom(15, C), Atom(16, C), Atom(17, C), Atom(18, C), Atom(19, C), Atom(20, C), Atom(21, C), Atom(22, C), Atom(23, C), Atom(24, C), Atom(25, C), Atom(26, C), Atom(27, C), Atom(28, C), Atom(29, C), Atom(30, C), Atom(31, C), Atom(32, C), Atom(33, C), Atom(34, C), Atom(35, C), Atom(36, H), Atom(37, H), Atom(38, H), Atom(39, H), Atom(40, H), Atom(41, H), Atom(42, H), Atom(43, H), Atom(44, H), Atom(45, H), Atom(46, H), Atom(47, H), Atom(48, H), Atom(49, H), Atom(50, H), Atom(51, H), Atom(52, H), Atom(53, H), Atom(54, H), Atom(55, H), Atom(56, H), Atom(57, H), Atom(58, H), Atom(59, H)]"
Rucaparib,CNCC1=CC=C(C=C1)C2=C3CCNC(=O)C4=C3C(=CC(=C4)F)N2,323.4,C19H18FN3O,"[Atom(1, F), Atom(2, O), Atom(3, N), Atom(4, N), Atom(5, N), Atom(6, C), Atom(7, C), Atom(8, C), Atom(9, C), Atom(10, C), Atom(11, C), Atom(12, C), Atom(13, C), Atom(14, C), Atom(15, C), Atom(16, C), Atom(17, C), Atom(18, C), Atom(19, C), Atom(20, C), Atom(21, C), Atom(22, C), Atom(23, C), Atom(24, C), Atom(25, H), Atom(26, H), Atom(27, H), Atom(28, H), Atom(29, H), Atom(30, H), Atom(31, H), Atom(32, H), Atom(33, H), Atom(34, H), Atom(35, H), Atom(36, H), Atom(37, H), Atom(38, H), Atom(39, H), Atom(40, H), Atom(41, H), Atom(42, H)]"
Tandutinib,CC(C)OC1=CC=C(C=C1)NC(=O)N2CCN(CC2)C3=NC=NC4=CC(=C(C=C43)OC)OCCCN5CCCCC5,562.7,C31H42N6O4,"[Atom(1, O), Atom(2, O), Atom(3, O), Atom(4, O), Atom(5, N), Atom(6, N), Atom(7, N), Atom(8, N), Atom(9, N), Atom(10, N), Atom(11, C), Atom(12, C), Atom(13, C), Atom(14, C), Atom(15, C), Atom(16, C), Atom(17, C), Atom(18, C), Atom(19, C), Atom(20, C), Atom(21, C), Atom(22, C), Atom(23, C), Atom(24, C), Atom(25, C), Atom(26, C), Atom(27, C), Atom(28, C), Atom(29, C), Atom(30, C), Atom(31, C), Atom(32, C), Atom(33, C), Atom(34, C), Atom(35, C), Atom(36, C), Atom(37, C), Atom(38, C), Atom(39, C), Atom(40, C), Atom(41, C), Atom(42, H), Atom(43, H), Atom(44, H), Atom(45, H), Atom(46, H), Atom(47, H), Atom(48, H), Atom(49, H), Atom(50, H), Atom(51, H), Atom(52, H), Atom(53, H), Atom(54, H), Atom(55, H), Atom(56, H), Atom(57, H), Atom(58, H), Atom(59, H), Atom(60, H), Atom(61, H), Atom(62, H), Atom(63, H), Atom(64, H), Atom(65, H), Atom(66, H), Atom(67, H), Atom(68, H), Atom(69, H), Atom(70, H), Atom(71, H), Atom(72, H), Atom(73, H), Atom(74, H), Atom(75, H), Atom(76, H), Atom(77, H), Atom(78, H), Atom(79, H), Atom(80, H), Atom(81, H), Atom(82, H), Atom(83, H)]"
AMGMDS3,CC[C@@H](C(=O)OCC)N1[C@@H]([C@H]([C@](CC1=O)(C)CC(=O)O)C2=CC(=CC=C2)Cl)C3=CC(=CC=C3)Cl,506.4,C26H29Cl2NO5,"[Atom(1, Cl), Atom(2, Cl), Atom(3, O), Atom(4, O), Atom(5, O), Atom(6, O), Atom(7, O), Atom(8, N), Atom(9, C), Atom(10, C), Atom(11, C), Atom(12, C), Atom(13, C), Atom(14, C), Atom(15, C), Atom(16, C), Atom(17, C), Atom(18, C), Atom(19, C), Atom(20, C), Atom(21, C), Atom(22, C), Atom(23, C), Atom(24, C), Atom(25, C), Atom(26, C), Atom(27, C), Atom(28, C), Atom(29, C), Atom(30, C), Atom(31, C), Atom(32, C), Atom(33, C), Atom(34, C), Atom(35, H), Atom(36, H), Atom(37, H), Atom(38, H), Atom(39, H), Atom(40, H), Atom(41, H), Atom(42, H), Atom(43, H), Atom(44, H), Atom(45, H), Atom(46, H), Atom(47, H), Atom(48, H), Atom(49, H), Atom(50, H), Atom(51, H), Atom(52, H), Atom(53, H), Atom(54, H), Atom(55, H), Atom(56, H), Atom(57, H), Atom(58, H), Atom(59, H), Atom(60, H), Atom(61, H), Atom(62, H), Atom(63, H)]"
Axitinib,CNC(=O)C1=CC=CC=C1SC2=CC3=C(C=C2)C(=NN3)/C=C/C4=CC=CC=N4,386.5,C22H18N4OS,"[Atom(1, S), Atom(2, O), Atom(3, N), Atom(4, N), Atom(5, N), Atom(6, N), Atom(7, C), Atom(8, C), Atom(9, C), Atom(10, C), Atom(11, C), Atom(12, C), Atom(13, C), Atom(14, C), Atom(15, C), Atom(16, C), Atom(17, C), Atom(18, C), Atom(19, C), Atom(20, C), Atom(21, C), Atom(22, C), Atom(23, C), Atom(24, C), Atom(25, C), Atom(26, C), Atom(27, C), Atom(28, C), Atom(29, H), Atom(30, H), Atom(31, H), Atom(32, H), Atom(33, H), Atom(34, H), Atom(35, H), Atom(36, H), Atom(37, H), Atom(38, H), Atom(39, H), Atom(40, H), Atom(41, H), Atom(42, H), Atom(43, H), Atom(44, H), Atom(45, H), Atom(46, H)]"
Bosutinib,CN1CCN(CC1)CCCOC2=C(C=C3C(=C2)N=CC(=C3NC4=CC(=C(C=C4Cl)Cl)OC)C#N)OC,530.4,C26H29Cl2N5O3,"[Atom(1, Cl), Atom(2, Cl), Atom(3, O), Atom(4, O), Atom(5, O), Atom(6, N), Atom(7, N), Atom(8, N), Atom(9, N), Atom(10, N), Atom(11, C), Atom(12, C), Atom(13, C), Atom(14, C), Atom(15, C), Atom(16, C), Atom(17, C), Atom(18, C), Atom(19, C), Atom(20, C), Atom(21, C), Atom(22, C), Atom(23, C), Atom(24, C), Atom(25, C), Atom(26, C), Atom(27, C), Atom(28, C), Atom(29, C), Atom(30, C), Atom(31, C), Atom(32, C), Atom(33, C), Atom(34, C), Atom(35, C), Atom(36, C), Atom(37, H), Atom(38, H), Atom(39, H), Atom(40, H), Atom(41, H), Atom(42, H), Atom(43, H), Atom(44, H), Atom(45, H), Atom(46, H), Atom(47, H), Atom(48, H), Atom(49, H), Atom(50, H), Atom(51, H), Atom(52, H), Atom(53, H), Atom(54, H), Atom(55, H), Atom(56, H), Atom(57, H), Atom(58, H), Atom(59, H), Atom(60, H), Atom(61, H), Atom(62, H), Atom(63, H), Atom(64, H), Atom(65, H)]"
Imatinib Mesylate,CC1=C(C=C(C=C1)NC(=O)C2=CC=C(C=C2)CN3CCN(CC3)C)NC4=NC=CC(=N4)C5=CN=CC=C5.CS(=O)(=O)O,589.7,C30H35N7O4S,"[Atom(1, S), Atom(2, O), Atom(3, O), Atom(4, O), Atom(5, O), Atom(6, N), Atom(7, N), Atom(8, N), Atom(9, N), Atom(10, N), Atom(11, N), Atom(12, N), Atom(13, C), Atom(14, C), Atom(15, C), Atom(16, C), Atom(17, C), Atom(18, C), Atom(19, C), Atom(20, C), Atom(21, C), Atom(22, C), Atom(23, C), Atom(24, C), Atom(25, C), Atom(26, C), Atom(27, C), Atom(28, C), Atom(29, C), Atom(30, C), Atom(31, C), Atom(32, C), Atom(33, C), Atom(34, C), Atom(35, C), Atom(36, C), Atom(37, C), Atom(38, C), Atom(39, C), Atom(40, C), Atom(41, C), Atom(42, C), Atom(43, H), Atom(44, H), Atom(45, H), Atom(46, H), Atom(47, H), Atom(48, H), Atom(49, H), Atom(50, H), Atom(51, H), Atom(52, H), Atom(53, H), Atom(54, H), Atom(55, H), Atom(56, H), Atom(57, H), Atom(58, H), Atom(59, H), Atom(60, H), Atom(61, H), Atom(62, H), Atom(63, H), Atom(64, H), Atom(65, H), Atom(66, H), Atom(67, H), Atom(68, H), Atom(69, H), Atom(70, H), Atom(71, H), Atom(72, H), Atom(73, H), Atom(74, H), Atom(75, H), Atom(76, H), Atom(77, H)]"
U0126,C1=CC=C(C(=C1)N)S/C(=C(/C(=C(/SC2=CC=CC=C2N)\N)/C#N)\C#N)/N,380.5,C18H16N6S2,"[Atom(1, S), Atom(2, S), Atom(3, N), Atom(4, N), Atom(5, N), Atom(6, N), Atom(7, N), Atom(8, N), Atom(9, C), Atom(10, C), Atom(11, C), Atom(12, C), Atom(13, C), Atom(14, C), Atom(15, C), Atom(16, C), Atom(17, C), Atom(18, C), Atom(19, C), Atom(20, C), Atom(21, C), Atom(22, C), Atom(23, C), Atom(24, C), Atom(25, C), Atom(26, C), Atom(27, H), Atom(28, H), Atom(29, H), Atom(30, H), Atom(31, H), Atom(32, H), Atom(33, H), Atom(34, H), Atom(35, H), Atom(36, H), Atom(37, H), Atom(38, H), Atom(39, H), Atom(40, H), Atom(41, H), Atom(42, H)]"
ONC201,CC1=CC=CC=C1CN2C(=O)C3=C(CCN(C3)CC4=CC=CC=C4)N5C2=NCC5,386.5,C24H26N4O,"[Atom(1, O), Atom(2, N), Atom(3, N), Atom(4, N), Atom(5, N), Atom(6, C), Atom(7, C), Atom(8, C), Atom(9, C), Atom(10, C), Atom(11, C), Atom(12, C), Atom(13, C), Atom(14, C), Atom(15, C), Atom(16, C), Atom(17, C), Atom(18, C), Atom(19, C), Atom(20, C), Atom(21, C), Atom(22, C), Atom(23, C), Atom(24, C), Atom(25, C), Atom(26, C), Atom(27, C), Atom(28, C), Atom(29, C), Atom(30, H), Atom(31, H), Atom(32, H), Atom(33, H), Atom(34, H), Atom(35, H), Atom(36, H), Atom(37, H), Atom(38, H), Atom(39, H), Atom(40, H), Atom(41, H), Atom(42, H), Atom(43, H), Atom(44, H), Atom(45, H), Atom(46, H), Atom(47, H), Atom(48, H), Atom(49, H), Atom(50, H), Atom(51, H), Atom(52, H), Atom(53, H), Atom(54, H), Atom(55, H)]"
BRAF Inhibitor,CC(C)S(=O)(=O)NC1=C(C(=C(C=C1)F)C(=O)C2=CNC3=C2C=C(C=N3)C4=CN=CC=C4)F,456.5,C22H18F2N4O3S,"[Atom(1, S), Atom(2, F), Atom(3, F), Atom(4, O), Atom(5, O), Atom(6, O), Atom(7, N), Atom(8, N), Atom(9, N), Atom(10, N), Atom(11, C), Atom(12, C), Atom(13, C), Atom(14, C), Atom(15, C), Atom(16, C), Atom(17, C), Atom(18, C), Atom(19, C), Atom(20, C), Atom(21, C), Atom(22, C), Atom(23, C), Atom(24, C), Atom(25, C), Atom(26, C), Atom(27, C), Atom(28, C), Atom(29, C), Atom(30, C), Atom(31, C), Atom(32, C), Atom(33, H), Atom(34, H), Atom(35, H), Atom(36, H), Atom(37, H), Atom(38, H), Atom(39, H), Atom(40, H), Atom(41, H), Atom(42, H), Atom(43, H), Atom(44, H), Atom(45, H), Atom(46, H), Atom(47, H), Atom(48, H), Atom(49, H), Atom(50, H)]"
Arsenic Trioxide,[O-2].[O-2].[O-2].[As+3].[As+3],197.841,As2O3,"[Atom(1, As), Atom(2, As), Atom(3, O), Atom(4, O), Atom(5, O)]"
Venetoclax,CC1(CCC(=C(C1)C2=CC=C(C=C2)Cl)CN3CCN(CC3)C4=CC(=C(C=C4)C(=O)NS(=O)(=O)C5=CC(=C(C=C5)NCC6CCOCC6)[N+](=O)[O-])OC7=CN=C8C(=C7)C=CN8)C,868.4,C45H50ClN7O7S,"[Atom(1, Cl), Atom(2, S), Atom(3, O), Atom(4, O), Atom(5, O), Atom(6, O), Atom(7, O), Atom(8, O), Atom(9, O), Atom(10, N), Atom(11, N), Atom(12, N), Atom(13, N), Atom(14, N), Atom(15, N), Atom(16, N), Atom(17, C), Atom(18, C), Atom(19, C), Atom(20, C), Atom(21, C), Atom(22, C), Atom(23, C), Atom(24, C), Atom(25, C), Atom(26, C), Atom(27, C), Atom(28, C), Atom(29, C), Atom(30, C), Atom(31, C), Atom(32, C), Atom(33, C), Atom(34, C), Atom(35, C), Atom(36, C), Atom(37, C), Atom(38, C), Atom(39, C), Atom(40, C), Atom(41, C), Atom(42, C), Atom(43, C), Atom(44, C), Atom(45, C), Atom(46, C), Atom(47, C), Atom(48, C), Atom(49, C), Atom(50, C), Atom(51, C), Atom(52, C), Atom(53, C), Atom(54, C), Atom(55, C), Atom(56, C), Atom(57, C), Atom(58, C), Atom(59, C), Atom(60, C), Atom(61, C), Atom(62, H), Atom(63, H), Atom(64, H), Atom(65, H), Atom(66, H), Atom(67, H), Atom(68, H), Atom(69, H), Atom(70, H), Atom(71, H), Atom(72, H), Atom(73, H), Atom(74, H), Atom(75, H), Atom(76, H), Atom(77, H), Atom(78, H), Atom(79, H), Atom(80, H), Atom(81, H), Atom(82, H), Atom(83, H), Atom(84, H), Atom(85, H), Atom(86, H), Atom(87, H), Atom(88, H), Atom(89, H), Atom(90, H), Atom(91, H), Atom(92, H), Atom(93, H), Atom(94, H), Atom(95, H), Atom(96, H), Atom(97, H), Atom(98, H), Atom(99, H), Atom(100, H), Atom(101, H), Atom(102, H), Atom(103, H), Atom(104, H), Atom(105, H), Atom(106, H), Atom(107, H), Atom(108, H), Atom(109, H), Atom(110, H), Atom(111, H)]"
Gilteritinib,CCC1=C(N=C(C(=N1)C(=O)N)NC2=CC(=C(C=C2)N3CCC(CC3)N4CCN(CC4)C)OC)NC5CCOCC5,552.7,C29H44N8O3,"[Atom(1, O), Atom(2, O), Atom(3, O), Atom(4, N), Atom(5, N), Atom(6, N), Atom(7, N), Atom(8, N), Atom(9, N), Atom(10, N), Atom(11, N), Atom(12, C), Atom(13, C), Atom(14, C), Atom(15, C), Atom(16, C), Atom(17, C), Atom(18, C), Atom(19, C), Atom(20, C), Atom(21, C), Atom(22, C), Atom(23, C), Atom(24, C), Atom(25, C), Atom(26, C), Atom(27, C), Atom(28, C), Atom(29, C), Atom(30, C), Atom(31, C), Atom(32, C), Atom(33, C), Atom(34, C), Atom(35, C), Atom(36, C), Atom(37, C), Atom(38, C), Atom(39, C), Atom(40, C), Atom(41, H), Atom(42, H), Atom(43, H), Atom(44, H), Atom(45, H), Atom(46, H), Atom(47, H), Atom(48, H), Atom(49, H), Atom(50, H), Atom(51, H), Atom(52, H), Atom(53, H), Atom(54, H), Atom(55, H), Atom(56, H), Atom(57, H), Atom(58, H), Atom(59, H), Atom(60, H), Atom(61, H), Atom(62, H), Atom(63, H), Atom(64, H), Atom(65, H), Atom(66, H), Atom(67, H), Atom(68, H), Atom(69, H), Atom(70, H), Atom(71, H), Atom(72, H), Atom(73, H), Atom(74, H), Atom(75, H), Atom(76, H), Atom(77, H), Atom(78, H), Atom(79, H), Atom(80, H), Atom(81, H), Atom(82, H), Atom(83, H), Atom(84, H)]"
Tazemetostat,CCN(C1CCOCC1)C2=CC(=CC(=C2C)C(=O)NCC3=C(C=C(NC3=O)C)C)C4=CC=C(C=C4)CN5CCOCC5,572.7,C34H44N4O4,"[Atom(1, O), Atom(2, O), Atom(3, O), Atom(4, O), Atom(5, N), Atom(6, N), Atom(7, N), Atom(8, N), Atom(9, C), Atom(10, C), Atom(11, C), Atom(12, C), Atom(13, C), Atom(14, C), Atom(15, C), Atom(16, C), Atom(17, C), Atom(18, C), Atom(19, C), Atom(20, C), Atom(21, C), Atom(22, C), Atom(23, C), Atom(24, C), Atom(25, C), Atom(26, C), Atom(27, C), Atom(28, C), Atom(29, C), Atom(30, C), Atom(31, C), Atom(32, C), Atom(33, C), Atom(34, C), Atom(35, C), Atom(36, C), Atom(37, C), Atom(38, C), Atom(39, C), Atom(40, C), Atom(41, C), Atom(42, C), Atom(43, H), Atom(44, H), Atom(45, H), Atom(46, H), Atom(47, H), Atom(48, H), Atom(49, H), Atom(50, H), Atom(51, H), Atom(52, H), Atom(53, H), Atom(54, H), Atom(55, H), Atom(56, H), Atom(57, H), Atom(58, H), Atom(59, H), Atom(60, H), Atom(61, H), Atom(62, H), Atom(63, H), Atom(64, H), Atom(65, H), Atom(66, H), Atom(67, H), Atom(68, H), Atom(69, H), Atom(70, H), Atom(71, H), Atom(72, H), Atom(73, H), Atom(74, H), Atom(75, H), Atom(76, H), Atom(77, H), Atom(78, H), Atom(79, H), Atom(80, H), Atom(81, H), Atom(82, H), Atom(83, H), Atom(84, H), Atom(85, H), Atom(86, H)]"
Pemigatinib,CCN1C2=C3C=C(NC3=NC=C2CN(C1=O)C4=C(C(=CC(=C4F)OC)OC)F)CN5CCOCC5,487.5,C24H27F2N5O4,"[Atom(1, F), Atom(2, F), Atom(3, O), Atom(4, O), Atom(5, O), Atom(6, O), Atom(7, N), Atom(8, N), Atom(9, N), Atom(10, N), Atom(11, N), Atom(12, C), Atom(13, C), Atom(14, C), Atom(15, C), Atom(16, C), Atom(17, C), Atom(18, C), Atom(19, C), Atom(20, C), Atom(21, C), Atom(22, C), Atom(23, C), Atom(24, C), Atom(25, C), Atom(26, C), Atom(27, C), Atom(28, C), Atom(29, C), Atom(30, C), Atom(31, C), Atom(32, C), Atom(33, C), Atom(34, C), Atom(35, C), Atom(36, H), Atom(37, H), Atom(38, H), Atom(39, H), Atom(40, H), Atom(41, H), Atom(42, H), Atom(43, H), Atom(44, H), Atom(45, H), Atom(46, H), Atom(47, H), Atom(48, H), Atom(49, H), Atom(50, H), Atom(51, H), Atom(52, H), Atom(53, H), Atom(54, H), Atom(55, H), Atom(56, H), Atom(57, H), Atom(58, H), Atom(59, H), Atom(60, H), Atom(61, H), Atom(62, H)]"
